"ID","Naive B cells","Memory B cells","Plasma cells","CD8 T cells","Naive CD4 T cells","Resting CD4 memory T cells","Activated CD4 memory T cells","Follicular helper T cells","Regulatory T cells","Gamma delta T cells","Resting NK cells","Activated NK cells","Monocytes","M0 Macrophages","M1 Macrophages","M2 Macrophages","Resting dendritic cells","Activated dendritic cells","Resting mast cells","Activated mast cells","Eosinophils","Neutrophils"
"SEQC_NB001",0.382718774072566,0.0335461470649652,0,0.0998418783203133,0.103571890690917,0.0894750568460705,0,0.0251780788450971,0.0344553234339984,0,0.0596533889561715,0,0.0179877313448138,0.0446919222764844,0.0254448933300021,0.0834349148186004,0,0,0,0,0,0
"SEQC_NB002",0.150384266850138,0.0561435950539027,0.0228437344024032,0.133203440103909,0.0304119804384002,0.053589009657524,0,0.0971933106583986,0.0833542089621877,0,0.0177240926217613,0.000528528699265303,0.0394002682291349,0.0630438012636454,0.0487895923485473,0.203044967883774,0,0,0.000345202827009121,0,0,0
"SEQC_NB003",0,0.0150889034944092,0.00309437116162176,0.0105426986364716,0,0.272654646634218,0,0.188708282660606,0,0,0.0140235933050531,0.00235870228218537,0.104053975242545,0.0311485037577493,0.0196797254620214,0.248524800095413,0.00617365417424228,0,0.0839481430934639,0,0,0
"SEQC_NB004",0.127471854024119,0,0.00176312403723484,0.134335754216933,0,0.088585303464274,0,0,0.0661243741253971,0,0.0203641317516755,0.0147692741142517,0.0551869882466582,0,0.0326355535387451,0.434027912738041,0,0,0.0247357297426708,0,0,0
"SEQC_NB005",0.0241539006848853,0,0,0.0993321331002845,0,0.0976008229236717,0,0.0784278631845161,0.0970925421805705,0,0.0550945453468736,0.023438631790799,0.0500279423048447,0.114037267629942,0.0154716046665246,0.328429525357284,0,0,0.0168932208298041,0,0,0
"SEQC_NB006",0.0134445635502195,0.00570685324441012,0,0,0,0.265143022339375,0,0.0891842780995621,0.0759072623655483,0,0.0567178655306509,0,0,0.381866444077171,0.0167024369936992,0.0949452078283547,0.000138956923150871,0,0,0.000243109047858941,0,0
"SEQC_NB007",0.093828840853437,0,0,0.233410865761006,0,0.125847554210906,0,0.164615117633106,0.0267273926109273,0,0.00328114322391015,0,0.0305494743269068,0.0466688410771642,0.0731825230492035,0.201888247253434,0,0,0,0,0,0
"SEQC_NB008",0.142476475807094,0,0.00543277975957541,0.102995914274118,0,0,0,0.0532739273061762,0.0928023231809794,0,0.0191806902343624,0.0187938107132757,0.0260966429294773,0.244655087092226,0,0.270326423205888,0,0,0,0.0162223638801435,0,0.00774356161668426
"SEQC_NB009",0.0103576413541154,0.0151287003356566,0.0185992538935087,0.123023095832593,0,0.0558299832411538,0,0.0672801280839256,0.0762186892497168,0,0.0890091538368557,0,0.0374464768121423,0.147062555273187,0.00846043304429031,0.339686137556495,0,0,0.0118977514863598,0,0,0
"SEQC_NB010",0,0.0130906692369138,0.0111575845097282,0.26540766626253,0,0.140943977033792,0,0.240936540756984,0,0,0,0.0508310834349275,0.0507800628790243,0.157873608561394,0.00343350072561766,0.0442359328370154,0,0,0.0213093737620724,0,0,0
"SEQC_NB011",0.0458643683765175,0,0,0.0738845332650604,0,0.198429906686041,0,0.00620349190440218,0.00154387179550128,0,0.0499558925547283,0,0,0.408730668449533,0.03219713150957,0.143789938657657,0,0,0.0351746086664294,0,0.00422558813456024,0
"SEQC_NB012",0.0252288261425235,0,0,0,0,0.319327605951736,0,0.048354124179106,0.0855035488336848,0,0.0635829128471665,0,0.0486604198798204,0.250209273630489,0.0217067455755018,0.0939320254671187,0.0265173860649753,0,0,0.0169771314278786,0,0
"SEQC_NB013",0.0511923764588608,0,0.00170078383270786,0.0652180133820393,0,0.2496831349342,0,0.0619608202824838,0.0495161842076083,0,0,0.0180666585534181,0.0968499660053819,0,0.0303050046808552,0.360883358988703,0,0,0.00589719383643615,0,0,0.0087265048373059
"SEQC_NB014",0.0353398089288186,0,0,0,0,0.206176879307248,0,0.0741635375752993,0.0563788324119376,0,0.0329763714575032,0.0201464061479515,0.0713314984672242,0.059722536229785,0.0407971290532117,0.400562831955817,0,0,0,0.00240416846520465,0,0
"SEQC_NB015",0.00053763271683911,0,0,0.156811816529722,0,0.189298056718706,0,0,0.0921656606754887,0,0,0.035350061933875,0.0470611000136171,0.0863949072296277,0.0227552181061223,0.342272525773256,0,0.0273530203027456,0,0,0,0
"SEQC_NB016",0.0528226196665185,0,0.00374095953176545,0.0883626277114617,0,0.404163606337007,0,0.101034683081142,0.0442778553748767,0,0.0211177720985098,0.0319943807421808,0.114824876231138,0,0.02356227069485,0.0862837038940127,0,0,0.0162693245399946,0,0.011545320096542,0
"SEQC_NB017",0.0448286909931853,0.0540698282351478,0,0.0828013584998659,0.00238983869229547,0.118775167184396,0,0.0692132046120954,0.0274903768339633,0,0.0563423800900054,0.0179843454738298,0.0675656526461121,0.301648859969924,0.0344340229925814,0.114852905891718,0.0020565835633837,0,0.00554678432149699,0,0,0
"SEQC_NB018",0.00643522289545257,0.00580537598822835,0,0,0,0.381848213000225,0,0.0553164266351074,0.0309846236827568,0,0.0685260388883501,0.019550357109152,0.0521833315259531,0.243724808377478,0.0155800625136063,0.05029640728826,0.0175556097280095,0,0.0187248899451309,0,0.0334686324222902,0
"SEQC_NB019",0.0328526898350738,0.00659130054717083,0,0.0296136257250775,0,0.271132842768367,0,0.0433838004128039,0.0627529551547303,0,0.0281413476014207,0.00183192240109784,0,0.335255532961656,0.0078207315368926,0.142792953379662,0,0,0.0378302976760479,0,0,0
"SEQC_NB020",0.124308373344585,0,0,0.106588765565914,0,0.168515151617498,0,0.0391991026985765,0.0388006036990093,0,0.054987531385896,0,0.0408745074360985,0.17924913012066,0.0193494853768616,0.219908890084011,0,0,0,0.00821845867088919,0,0
"SEQC_NB021",0.134566335867854,0.0848199315731226,0,0.175205188494386,0.17231857073023,0.059166428347165,0.0375253658493969,0.0608863595266207,0.0204404448264859,0,0.0407924589939213,0,0.00968797827894249,0.0453363011030951,0.0332311221908526,0.126023514217927,0,0,0,0,0,0
"SEQC_NB022",0.0186516095340723,0,0,0.0869668461399225,0,0.264430735429266,0,0.0923937579341281,0.0322544783641823,0,0,0.0447468256130759,0,0.158385410268963,0.0366698077879674,0.223890937418084,0.00786839769076976,0,0,0.00594040703429102,0.0278007867852777,0
"SEQC_NB023",0.152000580968006,0,0,0.206610242737645,0,0.105034873836529,0.00887477724131216,0.111897260142045,0.0399304661158627,0,0.0591180586474158,0,0.0229348731276328,0.0872040487401928,0.0236042626856493,0.136017470409073,0,0.00825166615727427,0,0.0385214191913621,0,0
"SEQC_NB024",0.110212677548788,0,0.0459392835903663,0.0550064098068646,0,0.148898753563928,0.094034582354335,0.0403506266397123,0.00152752956771187,0,0.030972175018164,0,0.083811602881724,0,0.00511503209972209,0.348621909898137,0,0,0.035509417030547,0,0,0
"SEQC_NB025",0,0.00702383276930743,0,0.0581661274749995,0,0.172021288221178,0,0.0998731358775903,0.0281157776300109,0,0.00300035458863385,0.0336803200962278,0,0.386226769213238,0,0.15347622150063,0.0050885966276546,0,0.0165245220789896,0,0.0368030539215413,0
"SEQC_NB026",0.188444898344664,0.0167335393005616,0,0.0794365706963618,0,0.226283768207865,0.0196894789425367,0.0517862731400317,0.0639522047013408,0,0.0814159785045856,0,0.0199764441987117,0.0871992615465331,0.0161763340451108,0.0781860935797986,0,0.0199525254540875,0,0.0507666293378106,0,0
"SEQC_NB027",0.0514727482354138,0.00285757954127049,0,0.0681549996306796,0,0.106258504175731,0,0.0216375558519092,0.0586546039437227,0,0.0862870667259758,0.00229296800224573,0.0942927113460376,0.230986138583489,0.0595594569008356,0.192521431618947,0,0,0.0250242354437429,0,0,0
"SEQC_NB028",0.0870469898628501,0,0,0.18284785344733,0.019796452906911,0.134892803758029,0,0.080439481686548,0.0326148119813017,0,0.0339681240197865,0.00511913533068218,0.0378117696162675,0.165895272037586,0.0265196686601797,0.193047636692528,0,0,0,0,0,0
"SEQC_NB029",0.0016926174998734,0.00449316479685442,0.000420006106752965,0,0,0.169495823456393,0,0.0390360105843335,0.0292508481671669,0,0.122161725556706,0,0,0.558560706640114,0,0.0311246924602024,0.012786497757868,0,0,0.0309779069737349,0,0
"SEQC_NB030",0.0196848102308188,0,0.00984187207795752,0.136192687618261,0,0.204823475300978,0,0.0860929068004857,0.0642794774603395,0,0.0225405684478754,0,0.0122951458909186,0.17313518959067,0.0201913122440227,0.173645888104658,0.0772766662330155,0,0,0,0,0
"SEQC_NB031",0.00304137834797216,0.00617464298042301,0.00362938629583478,0.0233976424604457,0,0.44397481888978,0,0.0855403678136386,0.0316561802382814,0,0,0.0225250722324461,0.0916332400091349,0.0566440444896037,0.0263903063761657,0.202652265547466,0,0,0,0,0.00274065431880781,0
"SEQC_NB032",0.102738521320565,0.0883439455487446,0,0.23833678465033,0,0.0912361935399539,0.00331545021907066,0.0339963378453977,0.0800360537182133,0,0.0720989132338294,0,0.024383679273882,0.100884473936496,0.0421401642335928,0.119890899821075,0,0,0,0.00259858265884949,0,0
"SEQC_NB033",0,0,0.046360707042515,0.103106211297669,0,0.131199417942011,0,0.132701535867564,0.025331471082397,0,0,0.0475740072095317,0.0500951768241846,0,0.0239500357533834,0.415206416658928,0,0,0.0244750203218166,0,0,0
"SEQC_NB034",0.00373922180308279,0.0025059574247249,0,0.165173870029802,0.0353713729403974,0.00473357149018355,0,0.092180158751853,0.0668443327952545,0,0.0507654070646137,0.011479375228132,0.08100080032342,0.0120747673012397,0.0554054064457702,0.34627630090411,0,0,0.0358164628548639,0,0.0366329946425532,0
"SEQC_NB035",0.158945204715009,0,0,0.197609790358582,0.0139305309898998,0.0881007512916636,0,0.066122447997116,0.0368297103901291,0,0.0595639660959546,0,0.054599728621023,0.0635805458498571,0.078987007698419,0.181730315992347,0,0,0,0,0,0
"SEQC_NB036",0.0725502491750254,0,0,0,0,0.286359047676101,0,0.0538071193975421,0.0387999644204701,0,0.0844068605095854,0,0.137761101643259,0,0.111115624924753,0.191333420532844,0,0,0,0,0.0238666117204202,0
"SEQC_NB037",0.0145388311744119,0.00456079663148216,0.00168567651978487,0.0503997614109601,0,0.324916305449229,0,0.11073634896013,0.0360102658458844,0,0.0286402040418444,0.0224102872534267,0.0369495673444394,0.238950809859837,0.00835016925502288,0.08702274503081,0.0023888937049168,0,0.0324393375178205,0,0,0
"SEQC_NB038",0.0769753902037231,0,0.00404170434189322,0.174098490166516,0,0.0725550718715588,0,0.0298530343388477,0.0617645053877917,0,0.0272608707833369,0,0.0159154867801702,0.292957065205068,0.0252200073858412,0.209965798624797,0,0,0.009392574910457,0,0,0
"SEQC_NB039",0.11627414845537,0,0,0.123796877941192,0,0.086858083938651,0,0.133593157845748,0.0351469160573596,0,0,0.0042080985822168,0.0355545913362063,0.197570008806047,0.0245993780861924,0.231687754571066,0,0,0,0,0.0107109843799506,0
"SEQC_NB040",0.156484295333005,0.0314614065153524,0,0.193748372076094,0.149744462546314,0.13867069506716,0,0.0104369083068843,0.0558867579234626,0,0.0383198279676344,0,0.0244113438358467,0.0284108016979185,0.0130844705366173,0.15314623061922,0,0,0,0.00619442757449218,0,0
"SEQC_NB041",0.287525518066095,0,0,0.166385131840619,0,0.0702751768267584,0,0.127012145865617,0,0,0.0440883346819821,0,0.0592120652360155,0,0.0447946722763916,0.181387176050214,0,0,0,0,0.0193197791563071,0
"SEQC_NB042",0.0200106988399175,0.0194082502464181,0,0,0,0.273933738431245,0,0.0705890553353415,0.0304891735688847,0,0.0458116075436825,0.00969960080066162,0.0220992825132253,0.24731011301621,0.0111383425612727,0.227293514887909,0,0,0.0222166222552324,0,0,0
"SEQC_NB043",0.0242820113662153,0,0.00136447696121269,0.155045669677373,0,0.094789585081712,0,0.0974213026631669,0.0294038148814707,0,0,0.00387885333076209,0,0.430855566024276,0.043468123967534,0.119490596046278,0,0,0,0,0,0
"SEQC_NB044",0.0141605075959974,0,0,0,0,0.422441281178551,0,0.0261907753846524,0.0686771315911022,0,0.0510580180343655,0.0262302698574154,0,0.218767613690101,0.00700976813626646,0.127881649558084,0,0,0.0375829849734644,0,0,0
"SEQC_NB045",0.135168766012962,0,0,0.127562823291267,0,0.274487767275222,0.0288008267904151,0.054502609303567,0.00714768428211453,0,0.0477428445043252,0,0.0198426774436212,0.0862356249250018,0.0606116875954814,0.123366536394677,0,0,0,0.0345301521813451,0,0
"SEQC_NB046",0.174296569948354,0.0188933132198761,0.00353595479452408,0.262631635447675,0,0,0,0.147788424318333,0.0633493313739337,0,0.0253942445946595,0,0.0224038524216359,0.065066453885206,0.0539994362432348,0.158696420557459,0,0,0.00394436319510883,0,0,0
"SEQC_NB047",0.00876656308048892,0.0131296574857687,0,0.00337719463455704,0,0.27295669627468,0,0.0790476366104223,0.0416910922311241,0,0.117966676890872,0.00341572771005299,0.0949687955476572,0.197802614860643,0.0385544629429507,0.0858423792702801,0.0153136247840803,0,0.020573022609202,0,0.00659385506722088,0
"SEQC_NB048",5.08382275412912e-05,0,0.00489626151385105,0,0,0.374995426594992,0,0.0288277208571607,0.0330411835643357,0,0.0160985569357591,0,0.191485771661767,0,0.0083639659665553,0.289935289383724,0,0.0118655237377797,0,0.0193071578613935,0,0.0211323036951409
"SEQC_NB049",0.135270962626654,0,0,0.0658717892510938,0,0.175980381928011,0.0169146672414897,0.0799158583545497,0.043478584470869,0,0.0087800350685486,0.013192309379407,0.0580342159778586,0,0.067544252687756,0.31279942143143,0.0222175215823329,0,0,0,0,0
"SEQC_NB050",0.166919142637287,0,0,0.107248535339314,0,0.149971258609102,0.0211139736925359,0.0291324174876555,0.0378410882051253,0,0.0347607512488755,0,0.0235760736032198,0.0498150267894592,0.0164807234312166,0.331975822315783,0,0.00951332023033091,0.0216518664100956,0,0,0
"SEQC_NB051",0.0715902488001864,0,0.00453631080482736,0,0,0.415472828695428,0,0.0763507568036883,0.0418284216582205,0,0.0500519044516706,0.0118585182714765,0.0385690544071858,0.110312055770947,0.00857636601888636,0.170853534317483,0,0,0,0,0,0
"SEQC_NB052",0,0.0713483307972996,0.00855586988720798,0.0759147801533255,0,0.0810514001245223,0,0.273801349841107,0,0,0,0.0951172645153216,0.0576901615819518,0,0.0234284535684598,0.299115283703426,0,0,0,0,0.0139771058273781,0
"SEQC_NB053",0.108576073005068,0,0.0176238886901069,0.245084174186795,0,0.147222359113513,0,0.16498945555142,0.0858110274181724,0,0.023932200692663,0.00353157602995991,0.0242637290248833,0.154387374136754,0,0.0245781421506636,0,0,0,0,0,0
"SEQC_NB054",0.0385411989135492,0,0.0317992266416582,0.239883546293578,0,0.045572479169243,0,0.112649525677477,0.0752031644813462,0,0.00919749548699046,0.0064054801221562,0.0305931687812628,0.136366218522275,0.0548859662236644,0.197772401083503,0.00790723790602126,0,0.0132228906972759,0,0,0
"SEQC_NB055",0.0133239134295168,0,0.0055384166184627,0.210729933569613,0,0.137800088018085,0,0.177923747678204,0.0744658233377751,0,0.0337587497123881,0.000238392866587136,0.0244605828690668,0.0209448174440397,0.0615637926239743,0.216292259512272,0.0151524180818397,0,0.00780706423817629,0,0,0
"SEQC_NB056",0.0609827540237494,0,0.00403532644662784,0.164591084652113,0,0.0899938270799715,0,0.134319917162083,0.0938030853114847,0,0.0294390097204929,0.0148562119028763,0.0374590839705701,0.113723596482009,0.0267390967746506,0.230057006473371,0,0,0,0,0,0
"SEQC_NB057",0.100795755634381,0,0,0.299575339481503,0,0,0,0.214967369627769,0.0672859511152342,0,0.0177737111347276,0.0146464409569129,0.0581668060847288,0.0673619316125062,0.0570660306538922,0.0920730085477858,0,0,0.0102876551505589,0,0,0
"SEQC_NB058",0.0187102027702775,0.00259834064738136,0,0.0110616229149213,0,0.2986104468574,0,0.165931497749232,0.0496745014954983,0,0.00716160388320895,0,0.0399554880339854,0.242129330896542,0.0401483470007922,0.0863739245894426,0,0,0.0266948032180464,0,0.0109498899432716,0
"SEQC_NB059",0.193300017798278,0,0,0.136065187486738,0,0.134007473689716,0,0.157311012054729,0.0432506917100938,0,0.0319758989430586,0,0.017806052160557,0.0740222622824032,0.0245695190913939,0.170384559138819,0,0.00210909268900075,0,0.0151982329552126,0,0
"SEQC_NB060",0.0872855500058815,0,0,0.176685643078084,0,0.216424030323043,0,0.0554803031691082,0.010974242155642,0,0.0384473776153786,0,0.0252240323610747,0,0.0164608266012059,0.359947758961757,0.00512295272977772,0,0,0,0.00794728299904745,0
"SEQC_NB061",0.0616868368278134,0,0,0.11437618143001,0,0.124654371256278,0,0.0873017404325642,0.0590267743139176,0,0.0187763576737072,0,0.00894329573705484,0.283723480526349,0.110225439058893,0.114358631107034,0,0,0.0169268916363773,0,0,0
"SEQC_NB062",0.0865352556441858,0,0,0.237288559043755,0.113054476726224,0.0464075530097862,0,0.0585641782097412,0.0537870426738323,0,0.0524045865106636,0,0.0348314009312942,0.105468849561676,0.0156963954672413,0.152022266022816,0,0.0207931381564771,0,0.022450384517855,0.00069591352445206,0
"SEQC_NB063",0.00100727745974341,0.00669440881056994,0,0.012870411117839,0,0.341755826545359,0,0.104680773491339,0.0175843706820728,0,0.0303386788648816,0.0209395019257358,0.0238345119823473,0.270737323799762,0,0.14098743989139,0,0,0.0285694754289611,0,0,0
"SEQC_NB064",0.00436777749947888,0.00320311519587219,0,0.106810559925266,0,0.268901658448916,0,0.0981155353370938,0.0547661723199906,0,0.00278025001447137,0.00943989415228383,0,0.27950616609658,0.0187414211326756,0.122607890789486,0,0,0.0307595590878854,0,0,0
"SEQC_NB065",0.0889182707967721,0.0197305969198559,0.00267438821209663,0.139245826530129,0.0888215972024622,0.107865083849732,0.0113958051921129,0.00636426112144183,0.0693533711692801,0,0.0458836884025829,0,0.0491416958304815,0.0433971303391009,0.0451268464420035,0.257855545191684,0,0.0108741900161779,0.013351702784086,0,0,0
"SEQC_NB066",0.0830573527497863,0,0,0.15085472927879,0.0261839632507579,0.155524104307088,0,0.0191878787250161,0.0818790166141755,0,0.0267330186718579,0,0.0286429357210874,0.228010229151824,0.0590193628599534,0.140907408669664,0,0,0,0,0,0
"SEQC_NB067",0.00875796543117552,0,0.0276783722203075,0,0,0.279866091536298,0,0.101423818742495,0.0651886339395293,0,0.0528258758274905,0.0140376562499069,0,0.388471391773954,0,0.0523726116102443,0.00767903236947669,0,0.00169855029912248,0,0,0
"SEQC_NB068",0.0188158195750363,0.00109524431043828,0.00048177050310735,0.0393854528455531,0,0.324112798323869,0,0.0393055956316094,0.0226834742920602,0,0,0.0585922743746672,0.0529901092005801,0.173830948732417,0,0.134123827731648,0.028651207838087,0,0.101121096037527,0,0.00481038060339924,0
"SEQC_NB069",0.366044279275305,0,0,0.119132344868614,0,0.14479516352815,0,0.0700247107828177,0.0725791350787527,0,0.00607440200279571,0.00861390155582549,0.0249578467091599,0.0336553401624033,0.0226210769915077,0.131501799044668,0,0,0,0,0,0
"SEQC_NB070",0.138046183789268,0.0268733634715185,0,0.19105120884395,0.106078434517049,0.0839335520499572,0,0.025742013231256,0.0589099913530158,0,0.0336883842562054,0,0.0165909247305942,0.12417991927174,0.030731863306322,0.164174161179123,0,0,0,0,0,0
"SEQC_NB071",0.156375363166102,0,0.012502180164796,0.133468833373583,0,0.0377697533894816,0,0.0520578202063444,0.0771223017166492,0,0.00149897606012599,0.0184668684197239,0.0228182186992335,0.210257595174937,0.0314021036756088,0.246259985953414,0,0,0,0,0,0
"SEQC_NB072",0.0127149354898429,0,0.00166169227386095,0.0667033632248851,0,0.247549509440004,0,0.139588295813594,0.0441778459982186,0,0.0047837049580726,0.0313198185678447,0,0.298578152590365,0.0224779152674998,0.106538439607742,0,0,0.0239063267680705,0,0,0
"SEQC_NB073",0.103799871997294,0,0.000482297163920625,0.196866693715518,0,0.0281588396666696,0,0.0302256592976857,0.032304791269793,0,0.0386627524021968,0,0.0494923130829728,0.176546048987701,0.0466651975603702,0.296795534855879,0,0,0,0,0,0
"SEQC_NB074",0.0928295453335185,0,0.00750728919957844,0.0969881569846977,0,0.119294815520276,0,0.0139083426238994,0.0876937823893672,0,0.0254660479496971,0,0.0208068261307634,0.174327846749278,0.0599406850512101,0.301236662067715,0,0,0,0,0,0
"SEQC_NB075",0.077913519386919,0.0485379220590198,0,0.188346810195433,0,0.0817495091385841,0,0.0177718329943471,0.0790542349874173,0,0.0198135014171144,0,0.0329114583971734,0.265236777906746,0.0114970151219526,0.177167418395293,0,0,0,0,0,0
"SEQC_NB076",0.00310211751402265,0.00801284026203478,0.0111755645570425,0,0,0.221727133821796,0,0.04897641846203,0.0585711248335731,0,0.0734439866172208,0,0,0.456595565195666,0,0.0785126985452994,0.0138131296336665,0,0,0.0260694205576479,0,0
"SEQC_NB077",0.0211625556981584,0,0.00525430586429372,0.131363490943022,0,0.0670514834249721,0,0.104808448802709,0.0526641898342332,0,0.0773817957982661,0,0.0720976591232679,0.00076763144066904,0.0452470560686717,0.379876432625249,0,0,0.0423249503764877,0,0,0
"SEQC_NB078",0.00575811789746853,0.0151891762680034,0,0.0463028302171996,0,0.286371488980818,0,0.0201941560022184,0.0390259440304248,0,0.0701074862006199,0.011630984223971,0,0.326280427085573,0.0224188581084788,0.122849736308555,0,0,0.0338707946766693,0,0,0
"SEQC_NB079",0.038320683380434,0,0,0.140506451119121,0,0.0561909207195024,0,0.120300677433679,0.0239712845658583,0,0.00278113998282153,0.0208759223833218,0.0424731902937006,0,0.00906238405860026,0.474836257377963,0.0619213838822095,0.00622997389578347,0,0.00252973090700597,0,0
"SEQC_NB080",0.0543408982054622,0,0.00370134243873057,0.0269369605836355,0,0.06998219215728,0,0,0.172495860755177,0,0.0492394646147353,0,0,0.246656504323434,0.055715987520707,0.290607802351464,0,0,0,0,0,0.0303229870493745
"SEQC_NB081",0,0.00775173657520956,0,0,0,0.417532184429697,0,0.107462766980463,0.0829460194763133,0,0.0666477732658595,0,0.0644611397090345,0.0318542713665933,0,0.175766607772087,0,0,0,0.0331348522534323,0.0124426481713109,0
"SEQC_NB082",0.0172148768763861,0,0,0.134111381795032,0,0.114006159429397,0,0.154457302013633,0.0813049977842459,0,0.00131449075577066,0.0161803946562014,0.0455304314368113,0.241955169499855,0.0452203648517677,0.141764044977972,0,0,0,0.0069403859229277,0,0
"SEQC_NB083",0.0464619654261571,0,0,0.172510170869936,0,0,0,0.145963430256202,0.147696531281411,0,0,0.0448207303063629,0.0250133771600345,0.207332029942701,0.0158044196792911,0.194397345077904,0,0,0,0,0,0
"SEQC_NB084",0.130829254622864,0,0,0.165186043663293,0.08223972740208,0.0984374200980048,0,0,0.113671840397049,0,0.0445257775221189,0,0.0150361741354765,0.130769918303792,0.0343272951073591,0.182690752817626,0,0.00228579593033619,0,0,0,0
"SEQC_NB085",0.103659811191817,0,0,0.0730708748506002,0,0.139623924663963,0,0.0314338584289051,0.0619471635309521,0,0.0154683725904383,0.00424657170556393,0.0170078304939768,0.187897260202219,0.0508307639256804,0.311932426826326,0,0,0,0,0.00288114158955896,0
"SEQC_NB086",0.0302749451431202,0,0.036421228260619,0.0546211996556241,0,0.0816259472077884,0,0.122089915541,0.0324145759676992,0,0.0335273557087328,0,0.013017837951378,0.252681882204728,0.134676846089841,0.193423465557493,0,0,0.0152248007119769,0,0,0
"SEQC_NB087",0.159851541118768,0,0.045776784282914,0.114049085015466,0,0.0584383203324192,0,0.026840671085738,0.0684492133386833,0,0.0115438107029061,0.0045345114583691,0.025539539774512,0,0.0317516316071677,0.42850898593714,0,0,0.0247159053459164,0,0,0
"SEQC_NB088",0.151724156276398,0,0.0160673144256745,0.180717957974055,0,0,0,0.123034427856194,0.077707789626966,0,0.068415892817666,0.0150072467884182,0.0288911647711786,0.087755206370409,0.0432222254563075,0.207456617636734,0,0,0,0,0,0
"SEQC_NB089",0.00111229460805858,0.00445177484001791,0,0.0328876900291081,0,0.30960155704742,0,0.0571787565111302,0.0903767963800234,0,0.0808652125540431,0,0.0205494590597664,0.274528086856299,0,0.104126556594537,0,0,0.0243218155195966,0,0,0
"SEQC_NB090",0.118199841983765,0,0.0142888919437299,0.0992154977400584,0,0.0406755706539087,0,0.0955312858785968,0.0949916885692718,0,0.0584248714194589,0,0.0249767864715449,0,0.0310902941481138,0.282442756232322,0.0514425940172047,0,0,0.0887199209420253,0,0
"SEQC_NB091",0.126668014938327,0,0,0.152933685966107,0.0162249709394575,0.0361307018834308,0,0.0248460489411821,0.0957219762879008,0,0.0142744629103198,0.0143085427334531,0.0853403747029442,0.0239579196820668,0.0197298287554613,0.339512733201798,0.0441074512081229,0,0.00624328784942883,0,0,0
"SEQC_NB092",0.117797993521654,0,0,0.238638176335908,0.0581018170369773,0.0626833544980714,0,0.030215116160332,0.101188421192228,0,0.038566121746388,0,0.0386555417574045,0.0608921608980155,0.0504487930960264,0.202048896951304,0,0.000763606805690503,0,0,0,0
"SEQC_NB093",0.111072059025465,0.0437025180875141,0,0.224061391792994,0.129439463242391,0.0647850683551957,0,0.0215263117540208,0.0549930844084573,0,0.0823910036228601,0,0.0406860811316439,0.00900322959401467,0.0248444791449254,0.175050009607247,0,0.0086115482473232,0,0.00983375198594848,0,0
"SEQC_NB094",0.150800092857258,0,0,0,0,0.239717803807334,0,0.0401728116302093,0.0432463954789595,0,0.0787449528032574,0.00817266765676265,0.025567734106351,0.106636179653062,0.111451189069825,0.177942534879448,0,0,0,0,0.0175476380575331,0
"SEQC_NB095",0.21508956676582,0.00497217484059596,0,0.112483824911981,0.0457804545851318,0.0445208187710307,0,0.0544108066121932,0.0478013884798353,0,0.0521352593475889,0,0.0310200853567198,0.111367662043412,0.0369731017163722,0.240228390804997,0,0,0,0.00321646576432072,0,0
"SEQC_NB096",0.0347117253408024,0.00329887747421209,0,0.0772330296006973,0,0.212083199896857,0,0.147649768218638,0.0600899131411043,0,0.058222969501392,0,0.0359500024606792,0.175084777922069,0.0260146297818521,0.159296050528882,0,0,0,0,0.0103650561328138,0
"SEQC_NB097",0.102321957825718,0.0225653211166939,0,0.184024977717516,0,0.121164608964908,0,0.0883285565448608,0,0,0.0679350968358935,0,0.045502750465191,0.127572808933517,0.0172060844583176,0.22089514409304,0,0.00248269304434541,0,0,0,0
"SEQC_NB098",0,0.00983773311304777,0.00021387539292319,0.250229034548842,0,0.156501460054877,0,0.136403403976868,0.00707136369553216,0,0.00511632255755977,0.0267272342666393,0.0593178235999379,0.03279751015132,0,0.289261580003691,0.0140291461216903,0,0,0,0.0124935125170728,0
"SEQC_NB099",0.00332665868383713,0,0.000393578810675337,0.0292150692773368,0,0.269056157989732,0,0.119673903190518,0.0337965588914412,0,0.0684746400306029,0.020331278620651,0.101542160564474,0.199841796634873,0,0.101084239506796,0,0,0.0266946164672618,0,0.0265693413318009,0
"SEQC_NB100",0.0293283761524999,0,0,0,0,0.361248355526044,0,0.0513061230558131,0.0532178581506654,0,0.0175544885690748,0.0101537481365696,0.0529798949517219,0.201500752506918,0,0.188340078673411,0,0.00877408987881773,0.0255962343984645,0,0,0
"SEQC_NB101",0.042950253767775,0,0.00123298693249866,0.134555470348099,0,0.21243080447373,0.0221737060004307,0.0560482060484424,0,0,0.0325286815139664,0,0.0753056228136002,0,0.0864182805236943,0.332242955210876,0,0,0,0.00411303236688713,0,0
"SEQC_NB102",0.129960166833592,0,0.00352088395640946,0.0123415305120978,0,0.176284974366752,0,0.0387466129648754,0.0278916196846922,0,0.0814416512347411,0,0.0171612282273161,0.274492488972049,0.0189284271974422,0.101531307954529,0,0,0,0.094896252028916,0,0.0228028560665876
"SEQC_NB103",0.000808625870490461,0.0205017420922581,0.0266845433490408,0.0148160219636162,0,0.430938215678193,0,0.023812943699227,0.0214713366689794,0,0.0683898765366473,0,0.0385309972525665,0,0.02635953803426,0.301043440402121,0,0,0.00603818986869988,0,0.020604528583901,0
"SEQC_NB104",0.00421765767807272,0.0112901505330813,0,0,0,0.281896386544109,0,0.158319674931157,0.0433667535251776,0,0.0263878699651177,0.0252384958635681,0.00803843931842819,0.255717124387747,0.0119915703171108,0.138428394730081,0,0,0.03510748220635,0,0,0
"SEQC_NB105",0.017789447050578,0.0181001521520498,0,0.112637448450841,0,0.231447195692628,0,0.0294559260278215,0,0,0.0932077811825057,0,0.0615899050743716,0.062359396884089,0.0122877768337821,0.359355253461787,0,0,0.00133169500702832,0,0.000438022182517964,0
"SEQC_NB106",0.0106092539826771,0,0,0.0537066585242222,0,0.287099303455522,0,0.104928722316852,0.0340315846685483,0,0.0136483345939428,0.0481437851475596,0.00182107946025136,0.132129408851174,0.0256315827408914,0.265963881720108,0,0,0.0138578957608671,0,0.00842850877738497,0
"SEQC_NB107",0.0840093702647345,0,0,0.249562674065531,0.000902406847382466,0.0359577952331313,0,0.075160104027291,0.0924601399549192,0,0.0365465015767955,0,0.039851155556108,0.00785590701821539,0.0551825414594712,0.311444733666668,0,0.00512509549329254,0.00594157483645994,0,0,0
"SEQC_NB108",0,0.0115613654278505,0,0,0,0.423238701961262,0,0.0500886833272026,0.0560859120550574,0,0.0487849959082638,0.00823343723529851,0.0198859240864364,0.189179027332608,0.0111509402747108,0.16012227369137,0,0,0.02166873869994,0,0,0
"SEQC_NB109",0.070225580321675,0,0,0.181607073737775,0,0.112386754219066,0,0.0329213806463412,0.040748526454273,0,0.0397095542748201,0,0.0470622900926807,0.241526068567837,0.0177385845739533,0.216024376294205,0,0,4.98108173736825e-05,0,0,0
"SEQC_NB110",0.007650098130368,0.0195708689059193,0.00261063094147064,0.114024357068781,0,0.211386695988071,0,0.104314838090523,0.0448710956193384,0,0.137035921562146,0,0.0835842694452464,0.0161936677831014,0.0114193204334055,0.147188252515011,0,0,0.0968240884090125,0,0.00332589510760536,0
"SEQC_NB111",0.0180762309466852,0,0,0,0,0.355928974965137,0,0.129904396445683,0.0479821643227495,0,0.0476504393982706,0.0147697295061973,0.00576240864448559,0.219354727509246,0,0.107444259962092,0,0.00210087213698739,0.0218742844881229,0,0.0291515116743428,0
"SEQC_NB112",0.0620071012124351,0.0192387373332829,0,0.13236206917338,0,0.105138139963411,0,0.096405407547387,0.0512693498441705,0.00984462245527974,0,0,0,0.201074043256506,0.0465241467091812,0.276136382504967,0,0,0,0,0,0
"SEQC_NB113",0.0133614547799276,0.0441251717541187,0,0.0485039006672108,0,0.382516575727657,0,0.157792225791603,0.0879845044547391,0,0.0331749681643266,0.00255602286607806,0.0804235356465766,0.0742514611968777,0,0.0190003813190104,0,0,0.0530862687400011,0,0.00322352889187345,0
"SEQC_NB114",0.0199411657136599,0,0,0.0201924518690992,0,0.297907222302974,0,0.236838474426968,0.0258205693980322,0,0,0.0176384616014284,0.0807635389590305,0.0865130543908617,0.0201894276014047,0.111850345460695,0.0116942145668203,0,0.0567820989882582,0,0.0138689747207684,0
"SEQC_NB115",0.117960576394045,0,0,0.231625747072923,0,0.127634171358795,0,0.144354743606013,0.0139877383445693,0,0.0107909437844114,0,0.0294794336073157,0.123229362245338,0.0176411814782415,0.171144346390581,0,0,0,0.012151755717767,0,0
"SEQC_NB116",0.064291266797707,0,0.0268733237462706,0.163636919770965,0,0.097652790737294,0,0.0928979466047862,0.0380610846718172,0,0.0661686981117939,0,0.0162995469824491,0.199049665995603,0.0724438413360705,0.162624915245244,0,0,0,0,0,0
"SEQC_NB117",0.00378466968022386,0.0134395183144667,0,0.19587943531724,0,0.0640516442685272,0,0.0699840905810248,0.0188013351770323,0,0.000821356024141371,0.0262993737865268,0.0476837443362142,0.243206888674404,0.0481052144213147,0.242830016417075,0,0,0.0251127130018095,0,0,0
"SEQC_NB118",0.0150196030299696,0,0,0,0,0.411101504268484,0,0.0427944033634548,0.122613816530188,0,0.127009834687101,0,0.0313129993283838,0.0366031419001286,0.0146515785178947,0.196869289986749,0,0.00202382838764576,0,0,0,0
"SEQC_NB119",0.0524002203404202,0,0.000618822525329659,0.0559310606871352,0,0.282754629507554,0,0.0449896904629959,0.0410652050935433,0,0.0250857484182363,0,0.00408367635698131,0.0772658664514405,0.039338311241272,0.281069213491908,0.00347486370671634,0,0,0,0,0.0919226917164672
"SEQC_NB120",0.0569097184005154,0,0.0161279235717382,0.0686866620793021,0,0.192793735262011,0,0.0287579986140916,0.0644316602931812,0,0.0644353927674367,0.0125094290989424,0.0521003181148836,0.280950333012028,0.0122537017439463,0.12633135466703,0,0,0.0237117723748934,0,0,0
"SEQC_NB121",0.0550305157901658,0,0,0.0470339221649165,0,0.163528668886742,0,0.00952250876765217,0.0557881120562403,0,0.0998979579487654,0,0.0484381260251256,0.261479296291079,0.0689923613823095,0.154731545135081,0,0,0.0355569855519228,0,0,0
"SEQC_NB122",0.177353646810247,0,0,0.15350872410936,0,0.180919276867381,0.00138357284006905,0.188707755396215,0.0465257573306354,0,0.0690491826119531,0,0.0308440582004122,0.0230004183772988,0.0335755589313542,0.0594772637563489,0,0,0,0.0356547847687251,0,0
"SEQC_NB123",0.00842463722693508,0.00565645310526521,0,0,0,0.334011815755174,0,0.0558624483416469,0.0910478196454546,0,0.0509536022471825,0,0.00360729316845272,0.327228129250065,0.0281707288764658,0.0486347526102206,0.0106261768958667,0,0.0357761428772714,0,0,0
"SEQC_NB124",0.00607894750624906,0.0188814315257611,0,0,0,0.231872893411688,0,0.118893459676714,0.0660347173496184,0,0.0232880503229687,0.0316857730647451,0.0548293041470131,0.363414970676511,0.0170854030785846,0.0540052678649886,0.00163417686972186,0,0.0122956045054358,0,0,0
"SEQC_NB125",0.0610090703907495,0,0.0022550530232481,0.187169785678396,0,0.0915083036133761,0,0.0596792267997292,0.101036279223925,0,0.0039187343393998,0.0184734164138253,0.0235810930600529,0.150278926044361,0.00669977568664481,0.288374434555591,0,0,0.00601590117070108,0,0,0
"SEQC_NB126",0.007064542504294,0.00112236097523638,0.000250380551497773,0,0,0.406401588574293,0,0.0286473605800344,0.103238944941762,0,0.0510995270749682,0.0123142451396837,0.0662786574002834,0,0.0133380826053852,0.171343428157489,0,0,0.138900881495073,0,0,0
"SEQC_NB127",0.116879230082382,0,0,0.264961386761045,0.0576570822480093,0.0323960539725164,0,0.0201547076586016,0.120007010480872,0,0.024090288920867,0.0223893549037085,0.0440627957930019,0.100404536893751,0.0224867478729291,0.150284954574906,0,0.0117817129428051,0.012444136894606,0,0,0
"SEQC_NB128",0.0154125304283541,0,0.000247119865934483,0,0,0.248022819553073,0,0.0568971210019121,0.0693887867061359,0,0.0281235265467359,0.0145415374355036,0,0.272036950566981,0.0238489387905003,0.238644663202152,0,0,0.0328360059027178,0,0,0
"SEQC_NB129",0,0.0228949541943382,0,0.191090444017821,0,0,0,0.0993145345787557,0.0505679986899209,0,0.024167713179141,0.0126744257304589,0.056441127215924,0.281939093771522,0.0455675857652089,0.215342122856909,0,0,0,0,0,0
"SEQC_NB130",0.00321220954315602,0.00945191009382281,0,0,0,0.15861866197028,0,0.0380196972915363,0.0287314226186459,0,0.0755279425976919,0,0,0.51089222091719,0,0.132128205648655,0.0222319214989749,0,0.0211858078200477,0,0,0
"SEQC_NB131",0.00846826768621021,0,0.00125070221564338,0,0,0.282776951482246,0,0.0720380435507945,0.0661029075939638,0,0.113958553175224,0,0.0678065404396185,0.128488358783344,0.0551874688723386,0.177803403862949,0,0,0,0,0.0261188023376682,0
"SEQC_NB132",0.00610681665528863,0,0,0.117163044863791,0,0.175167700639781,0,0.128067332492234,0.0589182468597918,0,0.0583734951965032,0,0.0659880795863963,0.0826102541083142,0.0271437378228765,0.264586063588178,0,0,0,0,0.0158752281868462,0
"SEQC_NB133",0.219330607074536,0.079675322773451,0.00158367889314773,0.091434526886372,0.0428500861910993,0.133566494872702,0.0107703490730705,0.0962405240458684,0.0387482291301157,0,0.0517559279053436,0,0.0187105822429778,0.0407110277011344,0.0433769106085089,0.131245732601672,0,0,0,0,0,0
"SEQC_NB134",0,0.0124338250794867,0,0,0,0.261966683761913,0,0.0515695983055759,0.048937719093,0,0.0660885867924885,0.000139490754816092,0,0.454408884809185,0,0.0828614462953442,0.00770162424887415,0,0.0104217545389837,0,0,0.00347038632033358
"SEQC_NB135",0.0318284363859128,0,0,0.134116730142781,0,0.107517180718175,0,0.00790424116873473,0.0879266816129333,0,0.0555748934974518,0,0.0473439563761235,0.241896857065964,0.0106334859747023,0.275257537057221,0,0,0,0,0,0
"SEQC_NB136",0.00960928425553726,0.0206701762744805,0,0,0,0.326516419328689,0,0.0528723922325489,0.0718425120011909,0,0.0650152928788528,0,0.0958897322183477,0.0208075184001595,0.0438046970423062,0.284593654757591,0,0,0,0,0.0083783206102954,0
"SEQC_NB137",0.0308835531575965,0,0.00302382790631459,0.00246591133565173,0,0.149899551793501,0,0.122978881294887,0.0186589895584414,0,0,0.0436681416390552,0.0544550807265339,0.270238925223621,0.00247394448576142,0.253177934199274,0,0,0.0480752586793634,0,0,0
"SEQC_NB138",0,0.021284413412955,0,0,0,0.267721564092733,0,0.151499220974666,0,0,0,0.00364927723728214,0.0431279225393791,0.222756742466082,0,0.217754443647967,0,0,0,0.04231813482991,0.029888280799025,0
"SEQC_NB139",0.105171178208564,0,0,0.219476902983186,0.0910287685812139,0.0507925486564565,0,0.0133675880118656,0.0949885062527943,0,0.0246617161953877,0,0.0282638414739247,0.154438645103189,0.0366642485980851,0.178471757211458,0,0.00267429872387522,0,0,0,0
"SEQC_NB140",0.00812703262513742,0.0412259602217053,0.0302096238892677,0.225258620829431,0,0.117073556539679,0,0.0880167149585427,0.0141821355146811,0,0.0904198972791603,0,0.094652717613866,0,0.00993643250668285,0.265861944263877,0,0.00205433447884843,0,0,0.0129810292791204,0
"SEQC_NB141",0.0948632632283398,0,0,0.153683384744423,0.156603502172238,0.170406591239023,0,0.000123851479728284,0.00709099882305413,0,0.049840481871709,0,0.0300304081750199,0.0516522398214905,0.0201308269652457,0.265574451479729,0,0,0,0,0,0
"SEQC_NB142",0.0655079941559985,0,0.00204661494870721,0.269415669583881,0.133589240372961,0.105975472519155,0.0099476967605783,0.0638204416679447,0.0440949769734497,0,0.0273835417569641,0,0.0130269506338134,0.072273111670506,0.0560335959158368,0.136884693040205,0,0,0,0,0,0
"SEQC_NB143",0.0744672901344785,0,0.00270885225725174,0.0468207428123021,0,0.168746819274724,0.00555342109389037,0.130362553721981,0.023747848947523,0,0.0185763375474424,0,0,0.276641670237128,0.0157515380563445,0.211696898911676,0,0,0,0.0249260270052589,0,0
"SEQC_NB144",0.0673785954439313,0.0641942481082529,0,0,0,0.240333923810082,0,0.0592908891187848,0.0416947888807422,0,0.0362987000219573,0,0.0277605940872669,0.176092779316821,0.100009784767523,0.168712502312575,0,0,0,0.018233194132063,0,0
"SEQC_NB145",0.135010967715863,0,0.00327880282064018,0.0370190490279843,0,0.17146363493739,0.0148949736688426,0.0511379387946626,0.0501149458003563,0,0.0528986874451212,0,0.00712790686737845,0.150482751279198,0.125066132529936,0.18623448511887,0,0,0.0152697239937572,0,0,0
"SEQC_NB146",0.0204307812464004,0,0.070572867724799,0.039128672226316,0,0.247818955278054,0,0.0891336791906907,0.0514814036824161,0,0.0728671432107457,0.00360480610201769,0.0524828228772502,0.182798949117392,0,0.142814955754309,0,0,0.0047796774191015,0,0.0220852861705078,0
"SEQC_NB147",0.0221478904462327,0,0,0.409269799354729,0.0883614176557593,0.0618966644639912,0,0.0606217038066728,0.0648684563168778,0,0.0754547905276979,0,0.0641983183903567,0.0563460238323209,0.00916093523155341,0.0831314843802081,0,0,0,0.00454251559359998,0,0
"SEQC_NB148",0.00124964944838011,0.00504738101516559,0,0,0,0.388539188632155,0,0.135735542691578,0.0745433929903659,0,0.0103698889404907,0,0.0570891902687771,0.179023270982526,0.00999909747807052,0.123778942490458,0,0,0.0129976030481638,0,0.00162685201387035,0
"SEQC_NB149",0,0.0107524925418312,0,0.0129280430906881,0,0.30231302302491,0,0.0842993358068862,0.0639340241817081,0,0.0791472519613902,0.0428089815616383,0,0.319847213436014,0.0145495334468514,0.0403266811911472,0.00270155587837488,0,0,0.0154820351446143,0,0.010909828733946
"SEQC_NB150",0.0960994624039817,0,0.00831639517809523,0.126818284340734,0,0.108030386809998,0,0.0235861062439452,0.0992177969840507,0,0,0.0207994704976095,0.0217405603764463,0.160980781519805,0.0314596977717276,0.293103242017761,0,0,0.00984781585584511,0,0,0
"SEQC_NB151",0.0477335731852071,0,0.125108221159096,0.0859828676266476,0,0,0,0.111625158159677,0.0669374315071428,0,0.0232290342962059,0.0308082182825482,0.00643018159965777,0.253561899893392,0.0262128689830341,0.221391819634783,0,0,0,0.000978725672608469,0,0
"SEQC_NB152",0.120558620277554,0,0.00140255183966128,0.203323516605312,0,0.124016042277673,0,0.124109608317421,0.0599409537612187,0,0,0.0365843736894908,0.0429936253422828,0.1296635852204,0.00660003861159938,0.150807084057388,0,0,0,0,0,0
"SEQC_NB153",0.0929589767229925,0,0,0.329366993791083,0,0.0423895398387519,0,0.16023279695269,0.0705589927431018,0,0.0153912657928999,0,0.0221173943400017,0.0307224070633698,0.0604397648736033,0.175821867881506,0,0,0,0,0,0
"SEQC_NB154",0.00645929069828032,0.00391127166845003,0,0.0449875532303083,0,0.378085242361464,0,0.0321437731048807,0.0644382069997654,0,0.0103855630801204,0,0,0.190778572879769,0.0254058930557465,0.220145758504789,0,0,0.0232588744164259,0,0,0
"SEQC_NB155",0.033620146677219,0,0.00152800673854884,0.137363664961421,0,0.137832958667047,0,0.0675350298867499,0.0123288506202867,0,0.0741701713934876,0.0159236244245892,0.0536831160142522,0.139449911974818,0.016572911022656,0.285814674190986,0,0,0.0241769334279375,0,0,0
"SEQC_NB156",0.0529158423168476,0,0.00210410489670859,0.0439599007603089,0,0.232380660900808,0,0.0627435396982489,0.0494098107907298,0,0.0202656675718396,0.0231024296592859,0.0877582735716405,0.331303704916737,0,0.0746058222006298,0,0,0,0.019450242716215,0,0
"SEQC_NB157",0.27520959375864,0.066586702116183,0,0.131339444120141,0,0.146798174353269,0,0.0382082524593212,0.0491931199500337,0,0.0460757510461162,0,0.0250083961832844,0.0860340868811202,0.0105711650907584,0.110897625916413,0,0.00592087107680047,0,0.00815681704791986,0,0
"SEQC_NB158",0.0191988868979603,0,0.0161908116260736,0.401229609456153,0.038970891751055,0,0,0.0427374182841317,0.118308830648839,0,0.0396162521167165,0,0.0201784991762346,0.058942269461947,0.00622400254513313,0.226812030552416,0.0115904974833396,0,0,0,0,0
"SEQC_NB159",0.0529794742390417,0,0,0.0646222161539489,0,0.201522379588888,0,0.0110698250524783,0.00276908223387008,0,0,0.0210955358343495,0.185316582905622,0,0.0138918768811691,0.401211469559272,0,0.0170491987716956,0,0.0115326049941827,0,0.0169397537854826
"SEQC_NB160",0.0420262144760294,0,0,0.124379531770817,0,0.0855934381105303,0,0.109086048805841,0.0211793982999481,0,0,0.0502609166747334,0.034826760586546,0,0.0152609618958522,0.497004185607331,0,0,0.0203825437723714,0,0,0
"SEQC_NB161",0.142572156260774,0,0,0.242260882482439,0,0.00871292766122284,0,0.0285340365935871,0.0575670251117141,0,0.00118443823645894,0.0333222209159324,0.0501051761534402,0.0892903186892469,0.0102444504879119,0.328124061558797,0,0.00371717074686414,0.00436513510161052,0,0,0
"SEQC_NB162",0.00536734759262462,0.0113408097225897,0,0,0,0.401163344458729,0,0.0260437973689814,0.0560588699599565,0,0.0546784067244295,0.0235731118749011,0.120327596604062,0,0.0360218161320486,0.197245318261655,0,0,0.0681795813000228,0,0,0
"SEQC_NB163",0.000625807068649162,0,0.00417957835760162,0,0,0.258782167074917,0,0.210242787672305,0.0911445277710643,0,0.0256289193123123,0,0.0417924464637608,0.157620584212777,0,0.186917576807692,0,0.0220917354140284,0,0,0.000973869844892301,0
"SEQC_NB164",0.0390748510232925,0,0,0.162412124972445,0,0.0658162536160078,0,0.129427786393351,0.0321527458771183,0,0.0177276015632899,0,0.0223131214186699,0.127129884673886,0.086675351467215,0.293956952899028,0,0,0.0233133260956972,0,0,0
"SEQC_NB165",0.00794732640133406,0.00705388010262783,0,0.17427803060404,0,0.0434003732672311,0,0.0972911778579041,0.0310030248638752,0,0,0.0329498620889903,0.011858115669911,0.311065797181889,0.0329056014030606,0.211757282977521,0,0,0.0384895275816163,0,0,0
"SEQC_NB166",0.0808924132932386,0,0,0.182172413529942,0,0.0675940539559594,0,0.0496451590150981,0.0436287634101945,0,0.00973616532726491,0.0192668090409617,0.0418840908229484,0.129164932293655,0.01934280725371,0.347566066356993,0,0,0.00910632570003434,0,0,0
"SEQC_NB167",0.0800261388703363,0,0,0.137162477357962,0,0.206256058611795,0,0.0588343731439934,0.054013799821328,0,0.0432059770233387,0,0.0178072555837871,0.0898531435005291,0.0533775037305601,0.254374710601055,0,0,0.00508856175531533,0,0,0
"SEQC_NB168",0.110218707569038,0,0,0.130606490592266,0.0239745915450056,0.152910636565873,0,0.0100909792166332,0.0437911659514821,0,0.108676240005795,0,0.0714341964921141,0,0.00806995732681651,0.304839989542144,0,0.00582757716873083,0.0179316305326685,0,0.0116278374914325,0
"SEQC_NB169",0.0317457634511495,0,0.00737441258387164,0,0,0.168335083888304,0,0.0900079491351001,0.0590397749348769,0,0,0.0538062490621592,0,0.320090208364052,0.0167379823874144,0.224817673972716,0,0,0.0280449022203563,0,0,0
"SEQC_NB170",0.0315757031744669,0,0.0077549587146001,0.124803479988608,0,0.11722672069024,0,0.0652688829001572,0.027541072424359,0,0.0607363816332953,0.0107268704364673,0.0633026213653082,0.113710564654866,0.00397757494712984,0.346085294512183,0,0,0.0272898745583185,0,0,0
"SEQC_NB171",0.04040113148502,0,0.126790612692374,0.243215719890425,0.0756339711311149,0.0305491214845004,0,0,0.0486751994113938,0,0,0.0342439689452011,0.0120246122869203,0.134625158426236,0.0127140861061814,0.241126418140633,0,0,0,0,0,0
"SEQC_NB172",0,0.00121426334180763,0,0,0,0.445827951497902,0,0.036454367734989,0.0909112005898313,0,0.0363440461821442,0.0216654417710381,0,0.178889674061709,0.00467741856471203,0.184002162461898,1.34737939692484e-05,0,0,0,0,0
"SEQC_NB173",0.00141068726103191,0.00367866382885151,0,0,0,0.444989822633266,0,0.0935263112898144,0.00869713122801832,0,0.0344487739317526,0.0391983424108821,0.00606420639035841,0.251610417868549,0,0.11268516673049,0,0,0.00369047642698591,0,0,0
"SEQC_NB174",0.0338099436192867,0,0,0.0882394867720428,0,0.063407288685784,0,0.0935832118944045,0.097903336045812,0,0,0.0461794947425657,0.00811050222806813,0.149228599683897,0.00225148770211907,0.214758420505392,0.171489118397934,0.0193672957845722,0.0116718139381223,0,0,0
"SEQC_NB175",0.0215113181677222,0,0,0,0,0.398676774055879,0,0.0454561673334726,0.0815524302190372,0,0.0705827403764016,0,0,0.267863841326755,0.0103521913990949,0.0622694584786173,0,0,0,0.0382598791777965,0,0.00347519946522338
"SEQC_NB176",0.129022831819584,0,0,0.199026676730819,0,0.0852748230558788,0,0.0565264685921219,0.0889246535418527,0,0.0420312221196129,0,0.0406260682272291,0.131943763591557,0.0473564922861304,0.172844943842804,0,0,0.0064220561924101,0,0,0
"SEQC_NB177",0.136461090203431,0,0.000151142017121888,0.073658890292776,0,0.16332105787436,0,0.093462140089838,0.0254687625362894,0,0,0.0655930058582192,0.0373929099883381,0.0829137577056499,0.017686121651043,0.270417154058762,0,0,0.0334739677241711,0,0,0
"SEQC_NB178",0.00496699973522515,0.00600213222247389,0,0.0293411624502291,0,0.244258572530907,0,0.0969010822182471,0.0872421959992008,0,0.0497205814025998,0.00909187135667643,0,0.275775843907041,0.0422748598292024,0.124005212753787,0,0,0.0304194855944104,0,0,0
"SEQC_NB179",0.108101790457622,0,0.00131220531263765,0.15548801084413,0,0.11076310227381,0,0.0863430786205142,0.0757085655437476,0,0.0171198229755666,0,0.0495909741631623,0.0892680959954989,0.0654432186919143,0.240861135121396,0,0,0,0,0,0
"SEQC_NB180",2.55944202746676e-05,0.00611628124255501,0,0.000441186045882766,0,0.419696313623546,0,0.106323564604,0.0492557398166802,0,0.0229236771115088,0.0372106812896374,0.0608655153499744,0.126279155439914,0.00156808080075647,0.156010632235228,0,0,0.0132835780200418,0,0,0
"SEQC_NB181",0.055962359241295,0.0133064299057717,0,0.0229828990258852,0.047731477551591,0.294623616604628,0,0.0274302544975009,0.049307674884409,0,0.122853454979219,0,0.0704670158257554,0.182074590550805,0.0218433564424205,0.0692863253957426,0.00257443536314441,0,0.0195561097318319,0,0,0
"SEQC_NB182",0.00537176898787063,0.00838000979780683,0,0,0,0.345651895678742,0,0.0326523616763635,0.0567320742728676,0,0.0686715216847378,0.0344966640221466,0.0453890381591831,0.182273691299357,0.00336693070641004,0.183427837551016,0.0254761257727483,0,0.0081100803907509,0,0,0
"SEQC_NB183",0.045855802188999,0.00373065622360792,0,0.274630738936779,0.0883883246407649,0,0,0.103880657902167,0.122532836807042,0,0.0532168890771889,0,0.0375980785035993,0.0324794478588144,0.0277958863830131,0.190023485044416,0,0.0198671964336086,0,0,0,0
"SEQC_NB184",0.0601915949214392,0,0,0.261686230854645,0,0.0462965850635783,0,0.0524859040780487,0.0736747488645488,0,0.0512394592316347,0,0.0800912733321794,0.239939093104379,0.025166991797014,0.10450016858552,0,0,0,0.00472795016701296,0,0
"SEQC_NB185",0.0648448390468803,0,0.0178590010711461,0.109849025410717,0,0.0837437639669072,0,0.0577305117618029,0.0541018723374481,0,0.0453523044216306,0.0105247439523777,0.0539228367944065,0.330245413274789,0.0203190347072957,0.140416149703586,0,0,0.0110905035510122,0,0,0
"SEQC_NB186",0.0506601527127025,0.00767119799346845,0,0.137294465764711,0,0.0467389215247873,0,0.139730284327159,0.054549413263534,0,0.012714384328059,0.0594965618913906,0.00280197631959797,0.280615736603692,0.0285673994737499,0.176614003408484,0,0,0.00254550238866336,0,0,0
"SEQC_NB187",0.00188606991871258,0.00547449969437067,0,0.0235059482856048,0,0.309722541624285,0,0.166863781268863,0.0792046180809267,0,0.0265016902012835,0.0203879837686731,0,0.245310822766263,0,0.096444314109643,0.00605665879223184,0,0,0.0186410714891428,0,0
"SEQC_NB188",0.00769323314728131,0.0186974089661564,0,0,0,0.448479052975096,0,0.0310859455002104,0.0533453648254596,0,0.0146772450695762,0.0263335297224514,0.0433558534289519,0.223651060473829,0.0149631848332514,0.0345278822706229,0,0,0,0.0712766462628733,0.0119135925242402,0
"SEQC_NB189",0.0062205313896055,0,0,0.188697334363931,0,0.239233635380052,0,0.116327622731946,0,0,0,0.061146717447517,0.0540570405846418,0.00684197963722597,0,0.308873517838161,0,0,0.0186016206269195,0,0,0
"SEQC_NB190",0.238564614044355,0,0.00675218576469468,0.205957355095339,0,0.052280478698508,0,0.112939227368192,0.107151253107625,0,0.0243024561901091,0.0018505656151268,0.026678462818364,0.0896027881945651,0.0512394549110317,0.0692911995409359,0,0.000874397941952884,0.0125155607092008,0,0,0
"SEQC_NB191",0.130479441230766,0,0,0.210147672008537,0,0.173411046158163,0,0.138122803284052,0.0468194147077334,0,0.053784304402567,0,0.0235223791719795,0.0860126083654228,0.0413737986496131,0.0963265320211653,0,0,0,0,0,0
"SEQC_NB192",0.00175349867613298,0.00985428095530504,0,0,0,0.30635225073602,0,0.0489573350964549,0.0899066231220382,0,0.126004648520133,0,0.0896236074490593,0.233170432461976,0.0537031810133519,0.030030148467829,0.0106439935016994,0,0,0,0,0
"SEQC_NB193",0.104113167598358,0,0,0.240870249010112,0,0.0272774929842194,0,0.0492380547075705,0.0624996129797739,0,0.0468654815563431,0,0.0885204510784113,0.129126277332475,0.0665026321948053,0.184986580557931,0,0,0,0,0,0
"SEQC_NB194",0.0115216883268737,0,0.00119554698550788,0.0709409175706753,0,0.356996961991666,0,0.0258992359202505,0.125840886085154,0,0.0325448440984532,0,0.0642723704049657,0.0544522427740791,0.0218850180860147,0.165237836235817,0.00244817698658307,0,0.0667642745339596,0,0,0
"SEQC_NB195",0.126576254286775,0,0,0,0,0.186508369271168,0,0.124070829958895,0.00679374271710418,0,0.0366108310687371,0.00819657904865231,0.0497624341775376,0.168955436792842,0.0181450159781014,0.274380506700187,0,0,0,0,0,0
"SEQC_NB196",0.106860593817929,0,0,0,0,0.28740459350315,0,0.0324513923830771,0.118507104402529,0,0.0857742004291838,0,0.060118907024484,0,0.0120508765555137,0.293272132625752,0,0.00356019925838174,0,0,0,0
"SEQC_NB197",0,0.064293998590929,0,0,0,0.327576372017956,0,0.320895957312651,0,0,0,0.0202295783739743,0.185039553490952,0.0291552307065808,0,0.0129654880733804,0,0.00597972307332799,0,0,0.033864098360248,0
"SEQC_NB198",0.0801182474730276,0,0.0403170570289178,0.0849853275881701,0,0.110507945942805,0,0.0317403214765271,0.0485790579553803,0,0.00302314141806143,0.0283727434659494,0.110291571838463,0.0778633791774495,0.0840116928467287,0.260315353474837,0,0,0.0120591279680968,0,0,0.027815032345587
"SEQC_NB199",0.138245683416307,0,0,0.242099139516864,0,0.0641363141852062,0.0191408910562812,0.0277173691419297,0.136205935051427,0,0.0700364027735666,0,0.0306376468416177,0.0352016931538388,0.0178040328049303,0.185009214683942,0,0.0103190628924802,0,0.0232427182577066,0.00020389622390276,0
"SEQC_NB200",0.106093680899135,0,0,0.223629181110118,0,0.00690612143206804,0,0.22366981490605,0.0347304195334314,0,0,0.0258653852479546,0.0483406237733564,0.143670732599155,0,0.186263994661681,0,0,0,0.000830045837050993,0,0
"SEQC_NB201",0.12271814624422,0,0,0.153628023938643,0,0.0682792681178334,0,0.0847919262044137,0.0272864525727946,0,0.106570796023885,0,0.0906906678723823,0,0.034120678423414,0.250664185776744,0,0,0.0612498548256698,0,0,0
"SEQC_NB202",0.0632265409102791,0,0,0.0368414813900745,0,0.287183557778165,0,0.210732811807982,0.0812207234895778,0,0.020775783570299,0,0.0744183114649049,0.183080386483189,0,0.0202169916569075,0,0.000954275864416676,0.0175955877167842,0,0.00375354786742059,0
"SEQC_NB203",0.0762934189589455,0,0,0.219486463326421,0,0.149551536062591,0,0.0849407091491401,0.0625594151539617,0,0.0865711092619962,0,0.0350592128375691,0.106121691940251,0.0201916887796292,0.142646024550532,0,0,0,0.0165787299789627,0,0
"SEQC_NB204",0.00882699155087473,0.00409294549911262,0,0.00988768738083182,0,0.259348984163464,0,0.179606661848375,0.0538631962439856,0,0.0208541285701185,0.0317336252939971,0,0.297454669729102,0.0107291820186643,0.109202439368027,0,0,0.0143994883334463,0,0,0
"SEQC_NB205",0.0319782959603003,0,0.000117236000899385,0,0,0.369726173212189,0,0.0487905351244147,0.0629560664630052,0,0.103689583620063,0.00400878468048978,0.0214688117350186,0.0963027952196361,0.00335494464408675,0.240744335466844,0,0,0,0,0.0168624378730527,0
"SEQC_NB206",0.0700417792777213,0,0,0.186233120349384,0,0.0734659928574446,0,0.0075370216093764,0.041288677773292,0,0.0947851543383767,0,0.10758727426951,0.249082308719294,0.0013491719576678,0.160503182351815,0,0,0,0.0081263164961179,0,0
"SEQC_NB207",0.0583047469305667,0,0,0.0969013986571026,0,0.153564241838875,0,0.0729185328184035,0.0279301029072197,0,0.12089655913341,0,0.0238292009353953,0.261692535625384,0.0149549751064526,0.151362058609536,0,0,0.0176456474376548,0,0,0
"SEQC_NB208",0.134822759823995,0,0,0.126930458586244,0.000813228104389758,0.086210917070389,0,0.120847083694709,0.0835532332939096,0,0.00443028974794599,0.0337276353923354,0.0292017671426445,0,0.00866327028409203,0.356948900381744,0,0.0138504564776023,0,0,0,0
"SEQC_NB209",0.0986335510902051,0,0,0.192913480908232,0,0.150896949591563,0,0.00199065589398624,0.133179211706726,0,0.0555765770513041,0,0.0298645990691754,0.0780365682764046,0.0110335591255119,0.232911080800721,0,0,0,0.0149637664861712,0,0
"SEQC_NB210",0.0246999130588721,0.031116268214818,0,0.136011489807558,0,0.259335326857374,0,0.128580741437201,0.0392138847583214,0,0.049518423903802,0.00946669914776838,0.0245634459687634,0.150185655687729,0.0434958404891739,0.102352907885441,0,0,0.001223392571196,0,0.000236010211981411,0
"SEQC_NB211",0.101083083902197,0,0,0.158613592807762,0.0168953876841329,0.138335463978213,0,0.0462892919458489,0.0842728081678795,0,0.0940528292647534,0,0.0760124051741563,0.119754666094848,0.0367679667138406,0.127922504266368,0,0,0,0,0,0
"SEQC_NB212",0.00103054896425903,0.00909963613359827,0,0.0568047175379071,0,0.311057605179071,0,0.120562450688074,0.0685200666176021,0,0.0127555921214681,0.040738517946829,0.0530393431049622,0.207569081333544,0.0305184651271708,0.045078451901961,0.0142807864285537,0,0.0233687149391538,0,0.00557602197584658,0
"SEQC_NB213",0.115205615084353,0,0,0.139836095448605,0.0612686170561903,0.215899217670615,0,0.0455537748405048,0.0707096360834191,0,0.07176196632553,0,0.0323061461092135,0.0478670082792676,0.0367369974455121,0.15190334949289,0,0,0,0.0103155178194353,0.000636058344464218,0
"SEQC_NB214",0,0.0258232176575741,0.0148996871949558,0.241485197277658,0,0.177311031490615,0,0.0859085108327824,0.0236434266363791,0,0,0.0144232290197578,0,0.244173770362181,0,0.154039070073018,0,0,0.0182928594550791,0,0,0
"SEQC_NB215",0.0396263168089868,0,0,0.137340508521864,0,0.138773023929357,0,0.0331931006580553,0.0606844260567699,0,0.0267422988009388,0.0271592050003234,0.0973621064153313,0.257161490099404,0.0073229355326031,0.146556357283224,0,0.00201452983736437,0.0260637010557787,0,0,0
"SEQC_NB216",0.088467235461513,0,0,0.234839520892813,0,0.0777819990283814,0.00974118206559054,0.0601645942353995,0.0558283805193922,0,0.0779602823111144,0,0.0237573873225711,0.0996100336840949,0.0364982221974823,0.212405617209057,0,0.00696710941176391,0,0.0159784356608269,0,0
"SEQC_NB217",0.00370606733097556,0.0038789333332548,0,0,0,0.311037481619727,0,0.0485716976951395,0.0739956656883301,0,0.0352799828688504,0.0127593477951573,0.052349428914068,0.218768870730303,0.00810094042363261,0.199076855164625,0,0,0.0324747284359371,0,0,0
"SEQC_NB218",0.00212823257307708,0.00189518216039238,0.0216851530610895,0.0617162047550099,0,0.164086856836081,0,0.0844637619985268,0.0734324463081584,0,0.0677229050232603,0.00701635789577581,0,0.259444064432142,0.0146649508903717,0.209434573957268,0,0,0.0323093101088463,0,0,0
"SEQC_NB219",0.0169542736688349,0,0,0.0418906608704892,0,0.22684985540773,0,0.0412633744915213,0.0443935450192756,0,0.0965028084323075,0,0.0457331125194403,0.181902553437154,0,0.284482682759608,0,0,0.0200271333936397,0,0,0
"SEQC_NB220",0.184848406312028,0,0.0106114109781292,0.145876744126226,0,0.0540443907304415,0,0.0307799058738663,0.0291463032549266,0,0.0321276159148287,0,0.0354441169005656,0.179383555459134,0.00397122006243815,0.258022460713877,0,0.0103891499999608,0.0253547196735787,0,0,0
"SEQC_NB221",0.0496041432685895,0,0,0.144909891527571,0,0.114737091227506,0,0.0986993085923066,0.0531501779259431,0,0.11006333215513,0,0.108085720053865,0.0889615343262454,0.0592595234765404,0.155908119348932,0,0,0.00886674469786694,0,0.00775441339950391,0
"SEQC_NB222",0.110433995839028,0,0,0.153749515544828,0.0271847962511272,0.289582387315152,0,0.0711112144183824,0.0314202552763786,0,0.0358489612866408,0,0.0410772986591032,0,0.0516672547752329,0.182513849423739,0,0,0,0.00541047121038783,0,0
"SEQC_NB223",0.0293828612286319,0.00264921990186098,0,0.1678261216015,0.00700438613064529,0.278110072489219,0,0.0569079644615248,0.0373076897331384,0,0.0807889470992187,0.0319780623647629,0.0769225692666561,0.0919141746644911,0.0132769031989649,0.115981709372947,0,0,0.00994931848643942,0,0,0
"SEQC_NB224",0,0.03063931345942,0,0.0536496791523668,0,0.497983033255197,0,0.0518648030147989,0.0503030027435533,0,0,0,0.0280376306142464,0.0186405715514006,0.00204534430296579,0.0022549027034737,0,0.00959610666567787,0.24513439525928,0,0,0.00985121727761874
"SEQC_NB225",0.00126542899514473,0.00704359162489962,0,0,0,0.250743481493068,0,0.085996321267337,0.0802904204485086,0,0.0916247963035931,0,0,0.359817192886871,0.0123608673344366,0.0908742099906863,0.0113610393096252,0,0.00862265034582984,0,0,0
"SEQC_NB226",0.0247690251860907,0,0.00229789573060155,0.0829327618959684,0,0.115879512874685,0,0.115650225839899,0.0579086696304874,0,0.0268913207709337,0,0.01512604878732,0.264339670273856,0.0481658908250493,0.241678370490389,0,0,0.00436060769471904,0,0,0
"SEQC_NB227",0.124419149720814,0.0288647346835192,0,0.230248636054236,0,0.13679515070267,0,0.0532011823627701,0.0616943088383848,0,0.0233953491897694,0.0105085208766076,0.0423532320615836,0.0888959704592874,0.0057532282298257,0.172512651383469,0,0.0119927355917522,0.00936514984531111,0,0,0
"SEQC_NB228",0.103692734257937,0.0264973257783103,0,0.227068709223163,0.19097736299592,0.059046014607513,0,0,0.114687430279865,0,0.0364691562797514,0,0.0279374497637747,0.0775061140923117,0.00572572143902573,0.112475039882532,0,0.00404741769499847,0,0.0138695237048988,0,0
"SEQC_NB229",0.13893834308471,0.0552776878627572,0,0.15054594868154,0.151352147087977,0.0590685778051683,0,0.0340338858589983,0.0943668258616457,0,0.0591568365596907,0,0.0291315968673484,0.0570803460402482,0.033017184924618,0.135156244554818,0,0,0.00287437481048089,0,0,0
"SEQC_NB230",0.0850834931737314,0,0,0.249794735263496,0.242980553495071,0,0,0.0142721730650756,0.122077253776202,0,0,0.0486691896467227,0.0397141465241682,0.0596918254271485,0.0040266803470974,0.122439171075593,0,0,0.0112507782056947,0,0,0
"SEQC_NB231",0.00727828088431112,0.00430997787583098,0,0.00118010114029209,0,0.367213239443477,0,0.108869667119758,0.098286105564077,0,0.0244603086149023,0,0.0223923974463645,0.325938403561871,0,0.00163303924193181,0,0,0,0,0.038438479107184,0
"SEQC_NB232",0.0865588134700527,0,0,0.347346792588167,0.083093676915435,0.00732239715739445,0,0.00844280856915569,0.108117822280248,0,0,0.0205441793834825,0.0486678560808652,0.0648316609497207,0.038915720406567,0.177763763414493,0,0,0.00839450878441808,0,0,0
"SEQC_NB233",0,0.00746767777701677,0,0.0561006917765815,0,0.265491743359756,0,0.0458160754299336,0.0795714375830703,0,0.0939211574394334,0.00369108458321026,0.0887431770409401,0.0529046417258137,0.0420585382787669,0.152925316483445,0.0153798996427551,0,0.0959285588792778,0,0,0
"SEQC_NB234",0,0.010674053210631,0,0.176299857291006,0,0.135762978369611,0,0.0282154796597913,0.0813745447279345,0,0.0583214134348641,0.0256082746638861,0.0572151899182836,0.275568280621613,0.0175026355520155,0.128002344572063,0,0,0.00545494797830116,0,0,0
"SEQC_NB235",0.387629579919687,0.126381494028405,0,0.0753576568460697,0.0574636613918189,0.100829472367919,0.00809288215028093,0.0474707342038805,0.0182840393243321,0,0.0642409454145005,0,0.0143091604053536,0.0501330774097996,0.00846744817685576,0.0340277634828055,0,0.00689388482290023,0,0,0,0.000418200055392687
"SEQC_NB236",0.186031739479009,0,0.0192011667995995,0.180541844983373,0,0,0,0.0922544011373004,0.0793891047952488,0,0.0235669561433565,0.00465191119423375,0.0464425521668954,0.0464719192961345,0.024283811623806,0.252905352030706,0,0,0,0.00922389538508061,0,0.0350353449652571
"SEQC_NB237",0.0953600650361829,0,0,0.16049024355137,0,0.182707842897197,0,0.127657446303322,0.0467582081546061,0,0.0463600979781797,0.00231663260802056,0.0248588614611149,0.0655729270425242,0.0753279167942395,0.166759308603808,0,0,0.00583044956943523,0,0,0
"SEQC_NB238",0.0450888105964904,0,0,0.10405755250311,0,0.0346894530711715,0,0.0369658165475907,0.0768805513804773,0,0,0.0340913522944027,0.00686740722361646,0.243911502740561,0.0338847682961687,0.327260699890788,0,0,0.0563020854556237,0,0,0
"SEQC_NB239",0.0948564180655874,0.0485928365939486,0,0.237784873172613,0.044535191799016,0.053207132624367,0,0.0668543955300661,0.0873881123494499,0,0.0275997124002052,0,0.0462743232025131,0.0101067163581859,0.039773288441216,0.234352612447484,0,0.00867438701534786,0,0,0,0
"SEQC_NB240",0.0868356182741795,0,0,0.229831158741092,0,0,0,0.100827836265449,0.0900848761313599,0,0.0137563834418471,0.00719163910146741,0.121844605910252,0.111064653852603,0.0144266257968995,0.223355182016785,0,0,0.000781420468066017,0,0,0
"SEQC_NB241",0.000857566047236315,0.0134730311518637,0,0,0,0.333294935732984,0,0.0621099357594708,0.176364868778343,0,0.0314617620904139,0,0.109432451332201,0.170121880262532,0.0430063012776364,0.0305396664630802,0.0191067754743556,0,0,0.010230825629883,0,0
"SEQC_NB242",0.120982582582892,0.109383195415474,0.0117425107061679,0.160987406927297,0,0.0663221360016991,0,0.0276999321639254,0.119179024655234,0,0.0332260062378379,0,0.0467803512506613,0.108515346549162,0.0289230642382606,0.166258443271388,0,0,0,0,0,0
"SEQC_NB243",0.0378013728654303,0.0331877323784657,0,0,0,0.253493053376386,0,0.0889360067227661,0.0822280216408705,0,0.100974411925175,0,0,0.290478439494044,0,0.111235483222018,0,0,0,0.00166547837484424,0,0
"SEQC_NB244",0.123507379168906,0,0,0.166363562540371,0,0.0872406080319654,0.0368542674391069,0.125571154916949,0.0582049510042716,0,0.0481340792796756,0,0.0368585745714353,0,0.0637935762253101,0.25347184682201,0,0,0,0,0,0
"SEQC_NB245",0.14633331404829,0.110073293938094,0,0.136201295283756,0.102168683914301,0.078023212984563,0,0.0518161267950235,0.0574550421538968,0,0.055856182715708,0,0.0105561188756326,0.0729284272598643,0.0475949637532103,0.130993338277659,0,0,0,0,0,0
"SEQC_NB246",0.159380937404613,0.00112151765187881,0,0.158009988528178,0,0.0705357316166056,0,0.143521735406023,0.0656155848597274,0,0.0474375407390302,0,0.0237604231881759,0.0896082652095195,0.04145900646255,0.199412304882781,0,0.000136964050917895,0,0,0,0
"SEQC_NB247",0.0397188031610737,0,0.0247591441041309,0.0747504214074631,0,0.0697354725861761,0,0.0631501380981712,0.0733718314408456,0,0,0.0207087896989745,0.0364384993876787,0.317362337899553,0.0267619289550005,0.231323428795818,0,0,0.0219192044651145,0,0,0
"SEQC_NB248",0.351127993670939,0.076499149431756,0,0.0545582982472922,0,0.104265408206303,0,0.126895863241158,0.0350627365828756,0,0.0615353613912159,0,0.0141003680207335,0.0680968677138478,0.0285104178339775,0.0793475356599017,0,0,0,0,0,0
"SEQC_NB249",0.255931216281558,0.0179093327113012,0,0.161972213840877,0,0.122640999889045,0,0.0367824713611676,0.139793936546522,0,0.0543724143062232,0,0.0559499332051142,0.0566918889489238,0.0509223408684214,0.0470332520408471,0,0,0,0,0,0
"SEQC_NB250",0,0.00999878133067577,0,0,0,0.329979132063342,0,0.155701037878318,0,0,0.0148005385804189,0.0839369456695012,0.0434135592107459,0.272163030632691,0.0139697669179861,0.075049289389595,0,0,0.000987918326726917,0,0,0
"SEQC_NB251",0.131849452890744,0,0,0.124961626431083,0,0.0907023599007273,0,0.0902938022985136,0.0860156152098111,0,0.00577304251793117,0.0234319750388441,0.0237355518813998,0,0.0428474688160598,0.341065280788594,0,0,0.0393238242262926,0,0,0
"SEQC_NB252",0.00763912122045697,0,0.00566417053073803,0.102325047215238,0,0.176526069891137,0,0.18329357172215,0.0803907671098806,0,0,0.10395188998457,0.0793934957488808,0.0234197957125813,0.00205844016458518,0.178609930800964,0,0,0.0567276998988173,0,0,0
"SEQC_NB253",0.00755664735676217,0.002694894918735,0,0.0449959995557814,0,0.088377061399392,0,0.0429198993035603,0.064812345611553,0,0.011270134379014,0.0255051442985513,0.0579791606731426,0.232787455207294,0.0982088223656988,0.310777382707086,0,0,0.0121150522234293,0,0,0
"SEQC_NB254",0.0104751086598032,0,0.00258249353296482,0.0273723790612616,0,0.193748921425493,0,0.0957683897942134,0.0315869466213207,0,0.0469028652799027,0.0202530530663709,0.0513752822836876,0.232852383024601,0.135270456116352,0.128685024520985,0,0,0,0.0202166162356985,0.00285289702517349,5.71833521721401e-05
"SEQC_NB255",0.135750421676781,0,0.00433868081560728,0,0,0.206606606428683,0,0,0.105899008568415,0,0.040022026085275,0.0342976703632893,0.0663783614098746,0,0.0185142211713457,0.279964362494259,0,0,0.10822864098647,0,0,0
"SEQC_NB256",0,0.0311859402846378,0,0.0614076012721105,0,0.164826190014477,0,0.19987949155301,0,0,0,0.0249234433190056,0.0169448560833778,0.32879837008369,0.000529927773747852,0.148456239765094,0,0,0.0230479398508489,0,0,0
"SEQC_NB257",0.149669649217778,0.0636721830479529,0,0.00229147843304631,0,0.0888032488664523,0,0.0761799948889895,0.123362758606442,0,0.127576156379895,0,0,0.116757920638767,0.0415151548345351,0.178085669274961,0,0,0,0.0320857858111808,0,0
"SEQC_NB258",0.00913188122293424,0,0.00587164759553489,0.00346462002085102,0,0.151377037665607,0,0.0907465829279145,0.00398315086082257,0,0.00386522973077527,0.0194677392862279,0,0.440613508292686,0.0217327582851421,0.246690770647358,0,0,0.00305507346414568,0,0,0
"SEQC_NB259",0.0423551889850589,0,0,0,0,0.426574342619799,0,0.0926755208912581,0.0827643777943872,0,0.0596787372587429,0.0115097556056635,0.0293331599598034,0.124935642089213,0,0.11284129921063,0,0,0.000406007449382138,0,0,0.016925968136062
"SEQC_NB260",0.00563092731811441,0.00991188871273436,0,0.0142019918222656,0,0.183656308776365,0,0.0892421541935692,0.0354504992175699,0,0.0677755492493113,0.00481532133808432,0,0.400919741160746,0,0.158580882939393,0,0.0017476568458245,0,0,0,0.028067078426023
"SEQC_NB261",0.0018232944786621,0.0206588500700382,0.00929276725589065,0.153126870280435,0,0.0994083065095641,0,0.0750001539317929,0.0735213820275391,0,0,0.0204347450771853,0.0275066995064189,0.279807983107318,0,0.235031360996393,0,0,0.00438758675876313,0,0,0
"SEQC_NB262",0.0609429457542558,0.0815434368674811,0,0.244583107077849,0.259026470222052,0,0,0.0392706255119469,0.0963035758569982,0,0.00182093931421246,0.017772001476451,0.024428518050722,0,0.00195806851877704,0.172350311349255,0,0,0,0,0,0
"SEQC_NB263",0.0950046115774871,0,0.000872743422408408,0.104594514142024,0,0.261351776745692,0.0170960746025428,0.108972629102852,0.0428780739877982,0,0.0364606303167262,0,0.0811236264209669,0,0.0940618764514485,0.157583443230054,0,0,0,0,0,0
"SEQC_NB264",0.0415538253396552,0,0.0336351039073872,0.0734421576654269,0,0.099482992612625,0,0.105995724814657,0.0346265209159758,0,0.00557607960606091,0.0258842876440676,0.0096348899700107,0.0382714416969823,0.0433582365638259,0.440557304617381,0.013063337102126,0,0,0.029798072694026,0,0.00512002484979248
"SEQC_NB265",0.298228189330778,0,0.0297200091724713,0.136707004617361,0,0.0575947852774861,0,0.159637349960108,0.0579801301511309,0,0.0370111749634477,0,0,0.131542224760064,0.0311520833200828,0.06042704844707,0,0,0,0,0,0
"SEQC_NB266",0.073391090252296,0.0285326840947807,0.00847082468295094,0.166153439231904,0,0.0762386823074988,0,0.164893156356938,0.00831765064090526,0,0.0583088953441458,0.00584153264415863,0.0687805554955961,0.129148259030996,0.0110524443806428,0.200870785537188,0,0,0,0,0,0
"SEQC_NB267",0,0.0206150329985697,0,0.121130492795123,0,0.0127664870082161,0,0.0354866031236402,0.0443515411779054,0,0.0518030553240438,0,0.0243603973307583,0.183703626767848,0.00892015538727298,0.458584636411881,0,0,0.0382779716747426,0,0,0
"SEQC_NB268",0,0,0.000162349104340118,0.173887389339251,0,0.218535849245584,0,0.194425401755764,0,0,0,0.0599497288155956,0.0792876474356577,0,0.000717953808465398,0.232744456567012,0,0,0,0.0200358879161299,0.0202533360122001,0
"SEQC_NB269",0.0199728325353629,0,0,0,0,0.351223074977083,0,0.0465060663731878,0.0885859984849206,0,0.0586227441374066,0.0213075683435438,0.0490562933876443,0.220501670552324,0.0128860067862662,0.107402494232099,0,0,0,0.0239352501901622,0,0
"SEQC_NB270",0,0.0165061328166662,0,0.200085623524643,0,0.048409847742548,0,0.150294176583158,0.000607473198928468,0,0,0.0431722244609833,0.0472082386641862,0.034851394425781,0,0.350234391932576,0,0,0.10863049665053,0,0,0
"SEQC_NB271",0.0633002781410279,0,0,0.0610944543793727,0,0.165977948255081,0,0.00193195604072477,0.103356214361273,0,0.0737584412448376,0,0.100775176874928,0.0151603766244488,0.0389392371727358,0.284981315934063,0.0763232754155672,0,0.0144013255559393,0,0,0
"SEQC_NB272",0.00831932054103277,0.00192688062095789,0,0.0208007421488278,0,0.312521354010528,0,0.24229607912865,0.0166786728315584,0,0,0.0320859398780524,0.0864543390723881,0.23291118292108,0,0.0318855482262541,0,0,0,0,0.0141199406206703,0
"SEQC_NB273",0.00661293836174533,0.00466986222260917,0.00443485300675157,0.0286403340454475,0,0.40122753064072,0,0.0676526484335544,0.0210312902736865,0,0.0158393139274168,0.0427578872583636,0.0832142748959344,0.00337551920945673,0,0.205940077857091,0,0,0.101316029672373,0,0.0132874401948505,0
"SEQC_NB274",0.0258928236400578,0,0,0.163162644249751,0,0.0165433450894881,0,0.0607477825938326,0.101325706551357,0,0,0.0296428653838724,0.0484463164963991,0.0629816932563445,0.0339430150776731,0.414890579908954,0,0,0.0424232277522698,0,0,0
"SEQC_NB275",0.0453394923597096,0,0,0.179116953299933,0,0.0516417732563649,0,0.0695982496204394,0.014373226818251,0,0.040553076456678,0.0310024653611606,0.0673155302931998,0.165696209611525,0,0.279866589893103,0,0,0.0554964330296365,0,0,0
"SEQC_NB276",0.0286057969624858,0,0,0,0,0.400314299379797,0,0.0707650677686107,0.0439846728356471,0,0.100439990674566,0.0245538963022679,0.0981265566633958,0.133703562096995,0.0121597193724382,0.0815043255288499,0,0,0,0.00422499406763671,0.00161711834730941,0
"SEQC_NB277",0.0665863763098661,0,0,0.170946987714006,0,0.163815001867909,0,0.103114350074689,0.0252097816141547,0,0.0585582624229105,0.0130526572273447,0.0456396119840612,0.112178026791975,0.00791008947773219,0.232988854515352,0,0,0,0,0,0
"SEQC_NB278",0,0.00716524617889107,0,0.246934856798082,0,0.0963194366641437,0,0.213401788194583,0,0,0,0.0701231598629337,0.0721903381331679,0,0.0164264570487142,0.237797886733613,0,0,0.0396408303858717,0,0,0
"SEQC_NB279",0.015784814325336,0.00474420470361088,0,0,0,0.311717489164356,0,0.0515949962824393,0.0674412162382551,0,0.140037470485235,0,0.0851873413127146,0.178775502344704,0.00806754169745877,0.114745569819325,0,0,0.0219038536265657,0,0,0
"SEQC_NB280",0.0606536430670541,0,0,0.109902165958811,0.0353087340210117,0.0538202875320867,0.0353918775052034,0.0583362243240683,0.0785595415424069,0,0.0695988713960798,0,0.0840213981530843,0.0135474511143932,0.326724731556364,0.0389218426417124,0,0,0.0352132311877241,0,0,0
"SEQC_NB281",0.0690795510230326,0,0.00712234204101011,0.181555657056153,0.0251757245070072,0.0452578531667044,0,0.0458825132708546,0.0808060320512844,0,0.0463165513862906,0,0.038495987809483,0.0665217245256989,0.00371657066916978,0.384051289964831,0,4.54640488314573e-05,0,0.00597273847964881,0,0
"SEQC_NB282",0.0149160660197958,0,0,0.0594971082532479,0,0.28640310216163,0,0.0640109883874859,0.0473296568993649,0,0.00889830647615351,0.0344338737123817,0.0838867152399921,0.204151479426147,0.049769424038232,0.115809819052522,0,0,0.0308934603330471,0,0,0
"SEQC_NB283",0.0326178312792083,0,0.00202568500583214,0,0,0.391947733480974,0,0.0680778948627559,0.0805672646613924,0,0.0862371766033456,0,0.0560886578060084,0,0.0230030088700009,0.2183906680172,0,0,0.0410440794132827,0,0,0
"SEQC_NB284",0.0463330611514253,0,0,0.136755157290138,0,0.178129409008088,0,0.00431295139011381,0.134793646855367,0,0,0.0946063984994121,0.0779481132166678,0.0717587468733037,0.0245866464695875,0.169288380074825,0,0,0.0614874891710722,0,0,0
"SEQC_NB285",0.158181233316472,0,0.0242960428584231,0.166538309653819,0,0.0926475431004292,0,0.110872378213095,0.0522620235741336,0,0.0645630857134644,0,0.0265618777607229,0.0528774617126853,0.00429488385902397,0.219024516624302,0,0.0199822360271652,0,0.00789840758626451,0,0
"SEQC_NB286",0.0633748218100804,0,0.00039045397576812,0.192581325651511,0,0.0828475683737659,0,0.0806817243447279,0.0202757162211937,0,0.0708158418958037,0,0.080781262609392,0.223739968372246,0.00713420265818987,0.174848775706682,0,0,0,0.00252833838063994,0,0
"SEQC_NB287",0.0837979178506242,0,0,0.169020357012347,0.0640727971918244,0.00608867066995956,0,0.0550183810981442,0.135038326218888,0,0,0.0198765478681671,0.0246289937758778,0.116620749352408,0.0280268480536848,0.288489986487958,0,0,0.00932042442011706,0,0,0
"SEQC_NB288",0.0698831268259922,0,0.00109282679845159,0.185332537561231,0,0.177552343508611,0,0.000396478641378321,0.1201685652072,0,0.0399570204129268,0,0.041396952199917,0.093797386013985,0.0160090474885457,0.220614056955808,0,0,0,0.0337996583859537,0,0
"SEQC_NB289",0.00640196077583022,0.00821574764173063,0,0,0,0.261572401384764,0,0.0400553160882363,0.0576267763805136,0,0.0778369885069254,0.0257760808554937,0.0794773180898039,0.268630416618835,0.0382938942854509,0.123138898945135,0.0029536355372676,0,0,0.0100205648900144,0,0
"SEQC_NB290",0.016959288270476,0,0,0,0,0.424181016148402,0,0.159632651061226,0.0397507624367302,0,0.0550544728994032,0.0273422412601986,0.0841197621064344,0.173883714601978,0,0.0143118350190558,0,0,0,5.9063185705814e-05,0.00470519301039016,0
"SEQC_NB291",0.209045816350844,0,0,0,0,0.163837023899318,0,0,0.0676408177376797,0,0.00608866151242694,0.0317581573074987,0.0632296516502833,0,0.0346499532741823,0.361193931436216,0,0,0.062555986831551,0,0,0
"SEQC_NB292",0.0624497067567947,0,0,0.202353413682198,0,0.11644836200994,0,0.0167879164145322,0.134022185400823,0,0.0298403170527409,0,0.0536642155976651,0,0.026304958524658,0.347452154359046,0,0,0,0.010676770201602,0,0
"SEQC_NB293",0.0141453867013041,0,0,0.0706405806494922,0,0,0,0.100469942934126,0.0533934460691793,0,0,0.0186913709330796,0.0605363463289471,0.19207378920451,0.179559515762632,0.252783816007692,0,0,0.0577058054090381,0,0,0
"SEQC_NB294",0.0540524510010635,0,0,0.289552930230505,0.013930138820875,0,0,0,0.0779966223889282,0,0.0310543796393204,0.00862762665809775,0.0449700908113211,0.134162580018897,0.0185748315990126,0.312328027617057,0,0,0.0147503212149218,0,0,0
"SEQC_NB295",0.0531762349818652,0,0,0.239817062045257,0,0.0287903428255257,0,0,0.0843321402371599,0,0,0.0423448028991164,0.0787667345433427,0,0.0300923147297464,0.400433003226038,0,0,0.0422473645119485,0,0,0
"SEQC_NB296",0.157966157242203,0,0,0.173518823161873,0,0.161177469198491,0,0.0785558164545153,0.0632108887883572,0,0.0589029379338874,0,0.0618459740915434,0,0.0372070801500811,0.188618019130729,0,0,0.0134989769924497,0,0.0054978568558698,0
"SEQC_NB297",0.142327325368149,0,0.0277766012627807,0.194116202943501,0,0.0499616416099927,0,0.00851234249995846,0.099081937400561,0,0.0312968497318068,8.53668626913494e-05,0.135404718825743,0,0.0638386157371329,0.247598397757682,0,0,0,0,0,0
"SEQC_NB298",0.0744881324052925,0,0,0.119544879782128,0,0.157990965781994,0,0.0090107994640911,0.161672174421221,0,0,0.0443901513896346,0.0399311079684763,0.0882169905651558,0.0484913756020906,0.256263422619915,0,0,0,0,0,0
"SEQC_NB299",0.0791808615898474,0,0,0.189566769280146,0,0.0739290362974998,0,0.0481646778145385,0.10394856577577,0,0.0222003773385156,0,0.020502852596975,0.172253172641058,0.0342616134619808,0.244542630573725,0,0,0.0114494426299439,0,0,0
"SEQC_NB300",0.113012096573099,0,0.00588729550988265,0.296110005242863,0,0.0205881050112534,0,0,0.0861318607952048,0,0.0520386534972712,0,0.0481453090619867,0.0518028702785772,0.0125952801429564,0.301164223944193,0,0,0.0125242999427136,0,0,0
"SEQC_NB301",0.0827805763549085,0,0,0.210355885138948,0.0998988051070711,0.124664740986334,0.00921762166231108,0.0105016714968885,0.0549134671796767,0,0.041455970645397,0,0.0189609697906635,0.106285371805041,0.0317663941221993,0.209198525710561,0,0,0,0,0,0
"SEQC_NB302",0.180293172154964,0.0618667835754071,0,0.184620175469755,0.0433721210630207,0.0581666778550576,0,0.0375474503449569,0.0969915523310516,0,0.0490385797207713,0,0.0421360553609127,0.0689808249294418,0.00421343679870742,0.14814737899245,0,0.0177373609329322,0.00688843047057063,0,0,0
"SEQC_NB303",0.105302962344662,0.0221821776765742,0,0.201730363515787,0.198260712393734,0.0727735155578971,0.00810560353780343,0.0142766274413698,0.0685193885336536,0,0.0669624646324254,0,0.0328609617880043,0.0255201587839672,0.0164508937819418,0.153804996338306,0,0.0111351703006071,0,0.00211400337326727,0,0
"SEQC_NB304",0.0372599119301827,0,0,0.227004651934877,0,0.0131560118646794,0,0.0710338795344036,0.0381830498242783,0,0,0.0626159833501558,0.0309902164908213,0.311704077869673,0.00328755128738773,0.177329391028845,0,0,0.0274352748846965,0,0,0
"SEQC_NB305",0.00835183591748598,5.67278955815344e-07,0,0.161064721074408,0,0.11789489247537,0,0.148168649503375,0.0423964563655514,0,0.0720685799533507,0.0200298227535014,0.160882582970306,0.0856692690446454,0.0097484013706902,0.155633232601074,0,0,0.0180909886912861,0,0,0
"SEQC_NB306",0.118892233322934,0,0,0.172639694893195,0,0.0997812738988423,0,0.0123693507532318,0.0619793429129969,0,0,0.0530125995075834,0.0547075462689802,0.127444995650055,0.000894289273578474,0.267339313150298,0,0,0.0309393603683039,0,0,0
"SEQC_NB307",0.0712485400675185,0,0,0.0621914838177873,0,0.355737040392309,0,0.0672202641674233,0.0783734054316901,0,0.0773704414027458,0,0.0649790255647698,0,0.0603025118955429,0.0775736135052027,0.00596610809046984,0,0.0790375656645412,0,0,0
"SEQC_NB308",0.144388415919046,0,0,0.127549131511021,0,0.00380509154615538,0,0.104447543707549,0.0785268681932107,0,0.00403053019380711,0.0104699807683011,0.0270832180389537,0.155949031552509,0.00972491032202575,0.334025278247422,0,0,0,0,0,0
"SEQC_NB309",0.0227455660842191,0,0,0.247905518661133,0,0.0961628670970208,0,0.147297888672404,0.00687388144336091,0,0.0789814108146323,0.00579112275549792,0.0902771106894534,0,0,0.297401028511427,0.00656360527085248,0,0,0,0,0
"SEQC_NB310",0.045845076476921,0,0,0.168060854862671,0,0.132849390722712,0,0.168024662885243,0.0759834365479937,0,0.0718622630283752,0.0278056603510476,0.0799066337482224,0,0.0724504960879504,0.112004144555064,0.0090703393034769,0,0,0.020154220425624,0.0159828210046977,0
"SEQC_NB311",0.00823239899488309,0,0,0.0163451033285098,0,0.372990706926377,0,0.0785820911196246,0.145729844717431,0,0.00411488595839332,0,0.0436297771718377,0.132974992549316,0.00533830440032665,0.170803470400406,0,0,0.0212584244328952,0,0,0
"SEQC_NB312",0.105671404644617,0,0,0.34346456584642,0,0,0,0.0817340442568863,0.0467260506503798,0,0.0265708448539289,0,0.0634526897585053,0,0.077243562076833,0.24669703260032,0,0,0.00843980531210935,0,0,0
"SEQC_NB313",0.0245712645487854,0,0,0.248047580212278,0,0.04591499995698,0,0.162132374372406,0.0509561758434823,0,0,0.0686257815307043,0.0799160891721355,0.00914220778109063,0.00304405454034428,0.27427287905356,0,0,0.0333765929882343,0,0,0
"SEQC_NB314",0,0.00491966315778466,0,0.148623946860098,0,0.252010512573932,0,0.138573180046365,0.0245348606435501,0,0.0043881692827128,0.0846933339438,0.0744579759277829,0.14842828652149,0.00518718740313288,0.057574870401444,0,0,0.0566080132379085,0,0,0
"SEQC_NB315",0,0.00794976185483618,0.00272318838330643,0,0,0.103783449105333,0,0.0434433366298754,0.0424552618910366,0,0.0327822408566548,0,0,0.594908962714064,0,0.0988284011306319,0,0.0275342004537417,0.0437782080129624,0,0.00181298896755737,0
"SEQC_NB316",0.0438574704844415,0,0,0.0161746270504012,0,0.140440475029626,0,0.0452011503846093,0.0387199737880826,0,0.112827435124024,0,0.0452734015050797,0.309723100921304,0.00345548227000841,0.162399467203581,0,0,0,0.0819274162388416,0,0
"SEQC_NB317",0.00245707017908615,0.00607901453895973,0,0,0,0.357791877961595,0,0.0550802831750555,0.0460553537723203,0,0.0159237754545676,0.0190530364943662,0.0355354829898808,0.273993096485882,0.0106881504784237,0.146318625401192,0,0,0.0243204426796336,0,0.0067037903890382,0
"SEQC_NB318",0.148298947650341,0.0577340245567459,0,0.257517758184307,0.00331892945925219,0.144361378498833,0,0.165327896167683,0.0447048599045799,0,0.0324054370891726,0,0.0361086524032804,0.0300153706625678,0.00144558714357484,0.0691213324672591,0,0.00963982581240368,0,0,0,0
"SEQC_NB319",0.236101273938155,0.0227414718227003,0,0.0879796705605378,0,0.23498994325105,0,0.0560618444374175,0.0899684933594121,0,0.0444019295428103,0,0.0110228008042604,0.0665821026046533,0.0233654227367099,0.126785046942294,0,0,0,0,0,0
"SEQC_NB320",0.0839594073823878,0,0.0457347354561428,0.148049317289585,0,0,0,0.0836212555373057,0.104208331354609,0,0.0245137738399844,0.0253200045027922,0.0362816044831178,0.0922049413990838,0.029503120803929,0.326603507951062,0,0,0,0,0,0
"SEQC_NB321",0.0324661330345851,0,0,0.0813316438431481,0,0.109531505079036,0,0.104616427600209,0.0634112189834881,0,0,0.0453100433099152,0.00170664353515642,0.23544395059049,0.0227129776046455,0.285262709460665,0,0,0,0.00261191261180862,0,0.0155948343468523
"SEQC_NB322",0.0430982739188907,0,0,0.247101314656291,0,0,0,0.0684194482868819,0.0779125311080357,0,0.0581777958643075,0.00514806337908883,0.0537004781092516,0.2554598246884,0,0.190982269988852,0,0,0,0,0,0
"SEQC_NB323",0.042507724738213,0,0.0817111575205571,0.0624002767125226,0,0.139730959480124,0,0.0137237167462763,0.0881027816079212,0,0.0125181520013622,0.0228224377194792,0.0333244971821401,0.130746632786232,0.0868335029139965,0.271361209479706,0,0,0.0142169511114701,0,0,0
"SEQC_NB324",0.178700734254787,0,0.0116042657473221,0.225007921258372,0,0.0310102168785757,0,0.0941962955800747,0.0186748480220534,0,0,0.0920974065098466,0.0604447201093496,0,0,0.288263591639619,0,0,0,0,0,0
"SEQC_NB325",0.104992943629447,0.00664422447078687,0,0.334334084490905,0.00759200536883397,0.0568427074205112,0.0181353680460998,0.0549970676845077,0.10570479071506,0,0.0589890171664933,0,0.0233618435539276,0.0455496962365671,0.0622912588224453,0.120564992394415,0,0,0,0,0,0
"SEQC_NB326",0,0.00173478979803168,0,0.158755405779365,0,0.130474446237021,0,0.154552801481045,0.0535398013540633,0,0,0.0180091030793926,0.0735102002779447,0.154557755924718,0.037117604232447,0.217446325738443,0,0,0.000301766097528483,0,0,0
"SEQC_NB327",0.0304457182229415,0,0.0392151011400884,0.0353436922467661,0,0.132230691270415,0.0241961343992316,0.076875900669779,0.0101555639101051,0,0.077989880059254,0.00694787942271734,0.166615319978369,0,0.0652260622949632,0.300446388680355,0,0,0.0158544812527652,0,0.018457186452249,0
"SEQC_NB328",0.198347143579743,0,0,0.253053994112122,0,0,0,0.069955882473709,0.12416789241816,0,0.0458500999650066,0.00341555143189306,0,0.195410785613304,0.0251447923166876,0.0846538580893743,0,0,0,0,0,0
"SEQC_NB329",0.0465531530999444,0,0,0.131702159547281,0,0.115487080901865,0,0.0277745834857204,0.114023813485621,0,0,0.0768122072736775,0,0.16045064140575,0.0241237400473861,0.266368775139035,0,0,0.0367038456137187,0,0,0
"SEQC_NB330",0.0183785925541798,0,0.00292842189945592,0,0,0.333967896175195,0,0.0298870382114313,0.060258068014782,0,0.0514991162504252,0.00710838820805532,0.0620347028947993,0.0799496622683909,0.038534920304003,0.307925175700809,0,0,0,0.00752801751847311,0,0
"SEQC_NB331",0,0.0203398356288776,0.000636450336159169,0.110655779280743,0,0.187749547650879,0,0.135693342591141,0.0815386158040442,0,0,0.0258254133650275,0.045898176262013,0.172389457751834,0,0.219273381329282,0,0,0,0,0,0
"SEQC_NB332",0,0,0,0.0392364384397374,0,0.137242617913187,0,0.0523129883696981,0.0320631818809886,0,0.0462696840939042,0.029801952779592,0.0550837350650471,0,0.0217024823983656,0.461509856624779,0,0.000852621863981114,0.112306695375378,0,0.0116177451953412,0
"SEQC_NB333",0.119127012121831,0,0.00396873306475256,0.0212921922065616,0,0.302809690870462,0.0640685626312338,0,0,0,0.0160104379962883,0,0.0770734216675328,0,0.0200846219337057,0.354639451225251,0,0,0,0.00692524452730576,0,0.014000631755075
"SEQC_NB334",0.231186599747983,0,0.0124692343973254,0.176412239312472,0.0853575923089492,0.0687717500750639,0,0.0111868344839032,0.0716267572753502,0,0,0.0321911405213234,0.0160339655928636,0.121878080566033,0.00122431034451177,0.140917402299144,0.0149980082857011,0.0153615995522113,0.000384485237164333,0,0,0
"SEQC_NB335",0.0510201414839077,0,0,0.0577067365911687,0,0.253386132709142,0,0.0610093837189486,0.0707373328813872,0.0153191385599491,0,0.0121612057280505,0,0.175579497647878,0.0981437802403424,0.178685286701812,0,0,0.0262513637374138,0,0,0
"SEQC_NB336",0,0,0,0.139834136561004,0,0.123729177460811,0,0.0776707934746501,0,0,0,0.0468611593193887,0.0647002843100322,0,0.0112677512008284,0.501469493028558,0,0,0,0.029617071587844,0.00485013305688263,0
"SEQC_NB337",0,0,0,0.223477129188006,0.0957295315755172,0.0723310576518027,0,0,0.161099347180507,0,0,0.0628611935157951,0.0156585504249653,0.215765283816456,0.0147806202465634,0.121281278261939,0,0,0.017016008138449,0,0,0
"SEQC_NB338",0.127356436697387,0,0.010828753903556,0.301331148365042,0,0,0,0.000873772825307606,0.171292960200734,0,0,0.0712950671869911,0.0266503638514685,0.064203642873752,0,0.226167854095761,0,0,0,0,0,0
"SEQC_NB339",0,0.0125503904336384,0,0.0561948005419744,0,0.344375011602868,0,0.053731652979504,0.11705467739204,0,0.0345078251908303,0.0049275438486035,0.0976773849382817,0,0.0310581424511275,0.229893110068914,0,0,0.0180294605522186,0,0,0
"SEQC_NB340",0.0122622443884148,0,0,0.143432015496484,0,0.150234839766393,0,0.268580905302552,0.0372646913515667,0,0.00267338658279496,0.0752044102147265,0.0606444439968325,0.121535868429778,0.00678516195372123,0.104832709564369,0,0,0.0165493229523677,0,0,0
"SEQC_NB341",0.0405165235572003,0,0.0182205281813707,0.221112010490167,0,0.040221442856542,0,0.161046104351097,0.0805606023159019,0,0.0407118241867666,0.0498432444565022,0.0368183392746995,0.0531226374920403,0,0.257826742837713,0,0,0,0,0,0
"SEQC_NB342",0.0248380347516093,0,0,0.256953101065788,0,0,0,0.199200526622919,0.114218648162509,0,0,0.0636295566404731,0.0413614679177705,0.126884909532744,0.00338425035127571,0.165096964675363,0,0,0.00443254027954789,0,0,0
"SEQC_NB343",0.148906468514116,0.0458877020455913,0,0.202337200214552,0,0.171697513006846,0,0.0979692685489022,0.0750148250433676,0,0.0402331230695451,0,0.0221503587380458,0.0535092445496805,0.0145865155788404,0.113312624003302,0,0.0113270224667686,0,0.00306813422044221,0,0
"SEQC_NB344",0.083315390193406,0,0,0.224941195564168,0,0.0446144363769991,0,0.0727650391403747,0.0528047772322876,0,0,0.0935556851720555,0.0254017987806526,0,0.000583952022587183,0.378525560003126,0,0,0,0.0234921655143428,0,0
"SEQC_NB345",0.135983638050707,0.0605854953276369,0,0.240770703162682,0,0,0.00509523321961635,0.241532992893196,0.0235040338443412,0,0.0220801497879602,0,0.029062160551846,0.0802689446413487,0.0107913334775325,0.139046899591331,0,0.0112784154518016,0,0,0,0
"SEQC_NB346",0.0506187526356564,0,0.0595423908241619,0.227256191801198,0,0.0420382423733841,0,0.155540652478393,0.0907942183414381,0,0.0971667337752627,0.00482289094062239,0.0219374433737628,0.0220135058572218,0.0544090990294581,0.139347158771359,0.00418414044663992,0,0.0303285793514419,0,0,0
"SEQC_NB347",0.0384293601088691,0,0.000771384417702932,0.32424039720552,0,0.036975295009928,0,0.046971022850805,0.085910193827911,0,0,0.0367579678665188,0.0564636291377577,0.0849280660844511,0.0118505226866766,0.271002145265643,0,0,0.00570001553821685,0,0,0
"SEQC_NB348",0.119368739803572,0,0,0,0,0.303605807157113,0,0.104723107182804,0.0481601730545113,0,0.113446573541597,0,0.0172424853125428,0.116901998282159,0.0358230732251199,0.138992844692174,0,0,0,0,0.00173519774840713,0
"SEQC_NB349",0.0246732398401865,0,0,0.215108510012357,0,0.0482645097494683,0,0.103932814325295,0.162825178839945,0,0.028612938955446,0.0209584402246051,0.0463304557617861,0.0228292288922778,0.0488894476899252,0.190419176599462,0,0,0.0871560591092461,0,0,0
"SEQC_NB350",0.0169162246402068,0.0297772752121432,0,0.0295656295494798,0,0.150688208489306,0,0.11426286759553,0.0772498324535472,0,0.0495737571527203,0,0,0.337844563652715,0,0.15854164360993,0,0.0103314805068481,0.0252485171375733,0,0,0
"SEQC_NB351",0.0338831346160233,0,0,0.154957071708747,0,0.269372845050674,0.026882945629294,0.107493117370596,0.0489989615932048,0,0.0525468118332857,0,0.0331921082018499,0,0.0362820014068544,0.154142830968391,0.0822481716210803,0,0,0,0,0
"SEQC_NB352",0.0170578691210382,0,0.033363126281057,0.176978343471683,0,0.15460744361272,0.0295545131090466,0.020151783859102,0.0197469016367123,0,0.0177880283987581,0.00556149879537038,0.0260545663389807,0,0.0219247756619944,0.466730820385078,0,0,0.0104803293284595,0,0,0
"SEQC_NB353",0.0250222015641049,0,0.00664035311447135,0.0802289780681354,0,0.187172005625724,0,0.059191802204495,0.0326574204867393,0,0,0.0380820492758247,0.00639897319276211,0.0825806830314121,0.0436288775639156,0.336094609259028,0.102302046613388,0,0,0,0,0
"SEQC_NB354",0.00828896979974915,0.0143891663847009,0,0,0,0.292501480680941,0,0.10163725429845,0.094006677003663,0,0.102257677175853,0,0.0781133892758686,0.184878792067784,0.0304310034356976,0.0933772942556354,0,0,0.000118295621656323,0,0,0
"SEQC_NB355",0.124436616857867,0,0.00315798066973979,0.136600293516252,0.00223554392634958,0.203398018838349,0,0.00376874679957989,0.0332405065585818,0,0.0775050995635693,0,0.0835215152804598,0.0681157719381823,0.00722308857600214,0.221453831828946,0,0.0187139016661385,0.0166290839799835,0,0,0
"SEQC_NB356",0.188062673974571,0.109650304977002,0,0.178985339497111,0.186008491930686,0.0150222328264904,0.010585453045282,0.0582374663909666,0.0603694417517181,0,0.043364986611214,0,0.0142449197273049,0.0164303900717976,0.0342196019032697,0.0751543369673766,0,0.00966436032521059,0,0,0,0
"SEQC_NB357",0.0331041244432912,0.0159382875317335,0,0.0511556963812833,0,0.189621775894488,0,0.00926219035396292,0.0524758270988046,0,0.0632773562564853,0.00240686844784489,0.0639185148666197,0.308069604128769,0.045326890218984,0.113344233331682,0.000164103324041476,0,0.0519345277220101,0,0,0
"SEQC_NB358",0.0422018926282059,0,0.0163120974649775,0.0108021195129823,0,0.0716389212808477,0,0.0259950548798069,0.0359250338408171,0,0,0.0323416388108655,0.03187413612045,0.371928859767063,0.0436728527065446,0.283578516994681,0,0,0.0337288759927586,0,0,0
"SEQC_NB359",0.0605132713910624,0,0,0.18178716608048,0,0.130090010733221,0.000908712819067858,0.10984785191098,0.0264614092681986,0,0.0420357082330585,0,0.0976232959589387,0,0.0944057697104925,0.256326803894501,0,0,0,0,0,0
"SEQC_NB360",0.0311428618934564,0,0,0.170169995474495,0,0.146392046450799,0,0.175926735314918,0.100704015767818,0,0.0806194775641637,0,0.0633060622934171,0.102636713037965,0.0155243476317312,0.0889150384773893,0,0,0.0103972258174972,0,0.0142654802763496,0
"SEQC_NB361",0,0.00988705952238811,0,0.104830851513227,0,0.0981388798921627,0,0.0912644659796603,0.0162169927037765,0,0.0630821487985096,0.00481746574096835,0.0563638694280407,0.102318551191617,0.141011837663588,0.229856509434617,0,0,0.0460698442319087,0,0,0.0361415238995356
"SEQC_NB362",0.262819273834363,0.0227579217419972,0,0.184737377306147,0.0627516445621133,0.0197674610951699,0.000298946134827447,0.103498621427662,0.0804127228906054,0,0.0554170125467738,0,0.0408190442199147,0.0757407600116122,0.0115140674453731,0.0619700822877654,0,0.0174950644956754,0,0,0,0
"SEQC_NB363",0.0256883353288038,0,0,0.0273575174592396,0,0.260647816850183,0,0.00369937045816861,0.0583115516597636,0,0.097452400523251,0,0.0947034798763284,0,0.00297330705878071,0.392579905739906,0,0,0.0269373313498209,0,0.00964898369575489,0
"SEQC_NB364",0.13781069978117,0,0,0.102382273588928,0,0.0844774629832982,0,0.0387684694283571,0.0462078305833003,0,0.0909863567767281,0,0.0404811326765519,0.0108193726400946,0.0169632864431177,0.414978842762518,0,0,0,0.0160705991341921,0,5.36732017432131e-05
"SEQC_NB365",0.134830734052782,0,0,0.246238102599946,0.167787451235016,0,0,0,0.0521409543602878,0,0.0394705120450023,0,0.0384613162467476,0.0971104372002406,0.0162807740317788,0.207362079664392,0,0,0.000317638563805864,0,0,0
"SEQC_NB366",0.0737527929666009,0,0,0.217048610640865,0,0.111818687724217,0,0.0304446069882965,0.100039638150511,0,0.0398088701221195,0,0.0519727656514843,0.157538655271422,0.0099937016092704,0.19985122406709,0,0.00228490224693182,0.0054455445611911,0,0,0
"SEQC_NB367",0.0819659003213817,0,0,0.356667957419077,0,0,0,0.0455608039416983,0.131354826136484,0,0,0.0492650577865081,0.0369797286753584,0.0634032110734285,0.00109730757552336,0.227159983916453,0,0,0.00654522315408724,0,0,0
"SEQC_NB368",0.137229107275635,0,0,0.193203094241091,0,0.0378889404864505,0,0.100828779191088,0.0334896164128851,0,0.00812018087671393,0.0108232864717233,0.0438387283537267,0.0954840209070795,0.0401782524794043,0.279553669933854,0,0,0.0193623233703481,0,0,0
"SEQC_NB369",0.0744041293722077,0.0346085841327453,0,0.245099999441051,0.279100821441623,0.0952464235570983,0,0.0114527659241642,0.0717865517060523,0,0,0.00581573192504466,0.033551663375546,0.0548833633344399,0.0157044083721496,0.0740045512176225,0,0,0,0.00434100620025564,0,0
"SEQC_NB370",0.0164538123572465,0,0,0.200927003951503,0,0,0,0.149801491263777,0.0172573348393804,0,0.0681444170151865,0.0100109748572581,0.0505082382723471,0.0254243153448426,0,0.453359941548467,0,0,0.00811247054999243,0,0,0
"SEQC_NB371",0.135377576085009,0.0232792920585982,0.00168854161040155,0.20095075567899,0,0.195884832029668,0.00960143779795166,0.0495511502369237,0.0412977570866335,0,0.0546978076334233,0,0.0240691255342775,0.130905118844913,0.0544562194442946,0.0782403859589159,0,0,0,0,0,0
"SEQC_NB372",0,0.0127884752185465,0,0.0775204332048447,0,0.27211379348208,0,0.112232667426468,0.0229485014976107,0,0,0.0421032313800525,0,0.0721023523750757,0.0205365691835271,0.329602696676349,0,0,0.038051279555445,0,0,0
"SEQC_NB373",0.023492016703908,0,0,0.203585797499449,0,0.130316742310078,0,0,0.178527379883022,0,0,0.0568446447025852,0.0491946675101152,0,0.0292085907617749,0.307946667804959,0,0,0.020883492824108,0,0,0
"SEQC_NB374",0,0.0149557089283778,0.0184264257246158,0.149165583472773,0,0.161896569010652,0,0.0587268328619504,0.168857632572148,0,0.0687418526190442,0,0.0279587583565908,0.0714962134525683,0.039571088739966,0.206067845284148,0,0,0,0.00234201934777134,0.011793469629395,0
"SEQC_NB375",0.00243988699898242,0.00169624703754948,0,0,0,0.349728360847506,0,0.0369493419757546,0.124675654748265,0,0.0211742099826362,0,0.0901369407015683,0,0.0724384780261212,0.260916636924757,0.00103025341731557,0,0.0388139893395449,0,0,0
"SEQC_NB376",0.155922113428737,0.131373966547419,0,0.123535225426951,0,0.145587960953857,0.013147950104091,0.110223448258159,0.0364044963606282,0,0.0174227507440544,0,0.0343409231375435,0.0495239364066647,0.0235362701136194,0.158980958518276,0,0,0,0,0,0
"SEQC_NB377",0.10291497419557,0.00892865867495306,0,0.151710229886795,0,0.144668746797276,0,0.0858662739660625,0.0588020454402082,0,0.0230229873186401,0,0.0148893214997334,0,0.0367208695547374,0.372475892666024,0,0,0,0,0,0
"SEQC_NB378",0,0.0268712150905138,0.0547620791972041,0.169033593322629,0,0,0,0.0798360816748056,0.0395113635501947,0,0,0.0393875738110325,0.0226382239569937,0.236174292082553,0,0.209802170206039,0,0,0,0.121983407108034,0,0
"SEQC_NB379",0.00930064362175083,0,0.0183094522102206,0.134191859380544,0,0.146639113650903,0,0.0235081996082881,0.0852588262736292,0,0,0.0585372545932587,0.00322573975135809,0.0374025296630353,0.125880212706341,0.3002753650333,0,0,0.0574708035073716,0,0,0
"SEQC_NB380",0.0156203289898983,0.00257886657348143,0,0.158272549782467,0.260257378174805,0.0524693554294344,0,0,0.0751128000440976,0,0.00426849402756276,0.0672519706024541,0.0599284345836284,0.120302005835167,0.00358951934637628,0.160660229649228,0,0,0.0196880669613993,0,0,0
"SEQC_NB381",0,0,0,0.158271187766186,0,0.146519519756729,0,0.00639674817865379,0.129664061694386,0,0,0,0,0.0948814675636136,0.00437413919147433,0.459892875848957,0,0,0,0,0,0
"SEQC_NB382",0.0601232934857656,0,0.0168571822818313,0.122849156573409,0,0.151704605397792,0,0.0857011807798488,0.0394319492159899,0,0.0306000879151706,0.0246846373558869,0.0568180599321165,0.00152361286963519,0.0347524873446356,0.374953746847918,0,0,0,0,0,0
"SEQC_NB383",0,0,0.00524453192345162,0.176884646493045,0,0.130312265652888,0,0.236946169647909,0,0,0,0.0406843241244299,0.106850678386919,0,0.00494717403245235,0.23838294642698,0,0,0.052473375398667,0,0.00727388791325884,0
"SEQC_NB384",0.0522949143363632,0,0,0.0465776847516391,0,0.243976752901563,0,0.0908970647059218,0.0796500491941073,0,0.0440002878176134,0,0,0.284211430452151,0.098892722544022,0.0105678597924819,0.0241149930849484,0,0.0248162404191893,0,0,0
"SEQC_NB385",0.161453829760331,0,0,0.170485953216718,0,0.168275057586553,0,0.0490584499189065,0.123973255738871,0,0.0665767560375582,0,0.0123851753337982,0.073517888262496,0.0644455345666243,0.108676594815398,0.00115150476274605,0,0,0,0,0
"SEQC_NB386",0.0823244272555905,0,0.00797670696505127,0.122518004418856,0,0.18146296055995,0,0.103453889010647,0.0310311092884637,0,0.0263359643741452,0.0131643963236086,0.0647389636611895,0,0.0713858010280769,0.250913653481923,0.0109296516090977,0,0.0277972735603318,0,0,0.00596719846306972
"SEQC_NB387",0.061617704392246,0,0,0.155687998486657,0,0.111752849344024,0,0.117141433540048,0.0564285441222735,0,0.0318386724393939,0,0.0281015198546741,0.00531894199295502,0.04065885831933,0.37200192479065,0.0037464718641973,0,0.015705080853551,0,0,0
"SEQC_NB388",0.0762327305172187,0,0.04382879816325,0.174875630174762,0,0.210700826712837,0,0.154275227749096,0.0657537791149645,0,0.0225138235713111,0,0,0.0722519066622811,0.0700496810606696,0.0980836743071442,0.00958600543551426,0,0,0.00184791653095199,0,0
"SEQC_NB389",0.201225847167514,0,0,0.200999793182196,0,0.0629123370138362,0,0.0683314349231818,0.0808768784427708,0,0,0.0341736239182662,0.142308277421135,0.00588250569472987,0,0.20328930223637,0,0,0,0,0,0
"SEQC_NB390",0.0390222541059307,0.0225650947856411,0,0,0.0227252003270858,0.280992725385336,0,0.034277693482746,0.101173918926155,0,0.0982826607462344,0,0,0.0745431747597353,0.00712896978738357,0.298930693598093,0.0159824664179748,0,0,0,0.00437514767768372,0
"SEQC_NB391",0.0516564171652197,0,0.00411765190469318,0.091999824043048,0,0.0641370833879324,0,0.134816144674882,0.0761442808834508,0,0.0335398860168583,0.00164945472353157,0.00990942908642159,0.244827515453226,0.174029946567109,0.0995247648298069,0,0,0.0136476012638203,0,0,0
"SEQC_NB392",0.0493437177956459,0,0.0774538869276254,0.28238480833257,0,0.0492138912748966,0,0.0822337048275544,0.20574891215859,0,0.00568402258229137,0.0134939081937749,0.0445591002613125,0.0149955097640462,0.0315973624926797,0.0948358326885294,0.048081768829207,0,0.000373573871276662,0,0,0
"SEQC_NB393",0.0380996170205025,0,0.0250817126751681,0.102269981420295,0,0.164797275745739,0,0.153775258709936,0.0590330344889601,0,0.0354182029924587,0,0.00340984497414133,0.248400069846687,0.110767469159216,0.058947532966896,0,0,0,0,0,0
"SEQC_NB394",0.106627062997214,0.0155239484743654,0,0.229384267861704,0.163134481307122,0.0395501940144767,0,0.0224369948250052,0.0933427498214193,0,0.0502104066504991,0,0.0400338107367776,0.02897251515484,0.0137833830842679,0.182529115502604,0,0.0144710695697044,0,0,0,0
"SEQC_NB395",0.0630218976676036,0,0.0021818770079196,0.100835692264703,0,0.182955757628086,0,0.0370028175064298,0,0,0.000804547171568884,0.0103883455236989,0.0360616993358313,0,0.000595387902884273,0.371508331015608,0,0.00777937544275293,0,0.149126698423157,0.0125324305290687,0.0252051425806888
"SEQC_NB396",0.169916322275955,0,0,0.198181975360326,0,0.055197793005025,0,0.0111276552058719,0.130836298837465,0,0.0633413131574332,0,0.0242144534427486,0.179454658135127,0.028314199516553,0.139415331063496,0,0,0,0,0,0
"SEQC_NB397",0.0757277679972677,0,0,0.213109635997994,0.0632359767098315,0.122859497881596,0,6.53426378417238e-05,0.154993699928425,0,0.0391642187022349,0.00642824822608367,0.0388421740133672,0.0882040337110031,0.0485521376088575,0.148817266585498,0,0,0,0,0,0
"SEQC_NB398",0.0457791986056716,0,0,0.0358197070781897,0,0.312827455820618,0,0.107069784652914,0.0267622484903594,0,0.00641033781506687,0.0389865088792881,0.0200297416996597,0.188849447825746,0.0200052191759208,0.178729086752823,0,0,0.00193303389631049,0,0.0167982293074331,0
"SEQC_NB399",0,0,0.00114406274596158,0,0,0.229369582994746,0,0.0522043330827171,0.0643485856266001,0,0.0400295446090263,0.042494146717764,0.0857301542317159,0,0.0133452497429528,0.423632529868937,0.00270325222975084,0,0.0111835104425371,0,0.0338150477072915,0
"SEQC_NB400",0.000843367528036155,0.0147535084764086,0,0.0498226748679215,0,0.320822935497737,0,0.149575592913245,0.0453579097597106,0,0.00488969678251488,0.0493549294642547,0.0399621017796069,0.182214406985114,0,0.102457835150855,0,0,0.0181459252204639,0,0.0217991155741323,0
"SEQC_NB401",0,0,0,0.140091985562149,0,0.0659419349397032,0,0.134153439684413,0.0758507129599978,0,0.00119221391048711,0.0651024620751147,0.0653725573918197,0,0.0648358275201024,0.345700837049966,0,0,0.041758028906247,0,0,0
"SEQC_NB402",0.00173318573119324,0.00749368274848668,0.00351523739158857,0,0,0.281873133772295,0,0.0304517399244207,0.073882075849996,0,0.0191204823151791,0.021218650342111,0.0630418389454105,0.0866993924241819,0.0474308762252258,0.363539704329912,0,0,0,0,0,0
"SEQC_NB403",0.0325332781895051,0,0.0015706229151946,0.116483506812377,0,0.0980218513716038,0,0.11532956120505,0.0431236599823262,0,0,0.0442920656514406,0,0.195543871127561,0,0.316718299540367,0,0.00217702768958934,0.0342062555149854,0,0,0
"SEQC_NB404",0.00620751801498317,0,0,0.0200369960897691,0,0.0796521462641996,0,0.0218342505239805,0.0511639173996355,0,0.0293340466592355,0.0116051593079584,0.0124064840492606,0.386687845934703,0.100405931846279,0.253618190613605,0,0,0.0270475132963902,0,0,0
"SEQC_NB405",0,0.0127274325229244,0.0299197212432912,0.0731182305128201,0,0.164846326160575,0,0.112344928978641,0.0129319931284206,0,0.0597333516251731,0,0.0573850316501662,0.137509986925433,0,0.309725074776663,0,0,0,0.00924044722565302,0.020517475250239,0
"SEQC_NB406",0.140696195076527,0,0.0269795834973156,0.119902096392246,0,0.0275950368638775,0,0.0958326789475921,0.0568399915527364,0,0.0572282004087249,0,0.00020420454548985,0.165001359385237,0.065253759243284,0.244466894086969,0,0,0,0,0,0
"SEQC_NB407",0.0585174237743118,0,0.00479129142746421,0.130926812442324,0,0.161899999140877,0,0.226554621364263,0.0244426172393473,0,0,0.0434790444406548,0.0274431988609014,0.24672275114295,0.0014436570014681,0.0500253173107048,0,0,0.0237532658547333,0,0,0
"SEQC_NB408",0.0451655756549504,0,0.0216269939638685,0.172183666453366,0,0.182887598837536,0,0.217557066034749,0.1112688967847,0,0.0144916620364926,0.0332072656528607,0.0136961149806469,0.0752355451782753,0.0206600155022504,0.0852530871158952,0.00676651180440902,0,0,0,0,0
"SEQC_NB409",0.129043207760015,0,0.00291771301800548,0.0629909908889206,0,0.276029071801376,0,0.0836049200204489,0.0243021337998514,0,0.000527345329660122,0.00874062840158984,0.0148976795881623,0,0.0366939960434307,0.356868750892835,0,0,0,0.00338356245570479,0,0
"SEQC_NB410",0.12804123257511,0.119629940063207,0,0.244750975091003,0,0.0939154158081381,0,0.132179107565965,0.0614586383546569,0,0.0910230050177154,0,0.0331083384644154,0.00118547266877205,0.0339242967857396,0.0589110709738937,0,0,0,0,0.00187250663138288,0
"SEQC_NB411",0.133281724632657,0.13176586590486,0,0.117723878640196,0.0925906037991717,0.109334927950286,0,0.0759853304911228,0.0320684159184996,0,0.0481217646369238,0,0.0287669693208855,0.0396670289706963,0.0168643171832046,0.142519247677869,0,0,0,0.0313099248736276,0,0
"SEQC_NB412",0.0602455031845321,0,0.000256430072953746,0.0381478748359908,0,0.221665340219145,0.0794849501619996,0.0382777541592854,0.0491272813107593,0,0.0793689056904382,0,0.0100943248200616,0.0110074864973196,0.0278013343955202,0.384522814651994,0,0,0,0,0,0
"SEQC_NB413",0.0762987567376272,0.0425035124565474,0,0.208638824256427,0,0,0,0.283455338391355,0.0276412358841809,0,0.0431175707732141,0.0387869457814571,0,0.150812536738917,0.00548020264663436,0.123265076333639,0,0,0,0,0,0
"SEQC_NB414",0.166089176088724,0,0.00146369054330538,0.112645218435607,0,0,0,0.0397008771666893,0.0909024858426303,0,0.00303772582309654,0.0155055045080776,0,0.145669517306852,0,0.39051825459872,0,0,0,0.034467549686298,0,0
"SEQC_NB415",0.224158852743659,0.110588709912809,0,0.11616192722998,0,0.164790249253292,0.00724708347640876,0.0732432116502303,0.0476833776903739,0,0.052776233820667,0,0.0260141430183629,0.00546525981355839,0.022215866587457,0.149655084803202,0,0,0,0,0,0
"SEQC_NB416",0.0611525547556598,0,0.0761036739124036,0.0716564827265076,0,0.287281032614881,0,0,0.0314667685714434,0,0.0930789829195328,0,0.0311652249639408,0.0794946527123865,0.0508891172409919,0.21237134127748,0,0,0.00534016830477279,0,0,0
"SEQC_NB417",0.0994085094196096,0,0,0.215025418259748,0.133572417269744,0.0387446104083398,0.0160095745736065,0.070747876957447,0.0499788085600279,0,0.0387509104666296,0,0.0172316292493713,0.0956666084254599,0.0536213810405414,0.171242255369474,0,0,0,0,0,0
"SEQC_NB418",0.116697376935568,0.108026995339679,0,0.115697831052775,0,0.00183142335452318,0,0.141804333276712,0.156185071339481,0,0.0642078161137785,0,0.00774690179231243,0.132537673411965,0.0493868657905665,0.103825964977267,0,0,0,0.00205174661537155,0,0
"SEQC_NB419",0.0274591073258015,0,0,0.0962744706006525,0,0.179498597958355,0,0.0393522769185551,0.0782705712294284,0,0.102115190220422,0,0,0.299742574971295,0.0144479218415793,0.143916198782421,0.0189230901514895,0,0,0,0,0
"SEQC_NB420",0.0409347207469344,0.180481524033014,0,0.17594396552785,0,0.110757274352706,0,0.0933515308870687,0.117939361827446,0,0.00135752647023464,0.0246818524547816,0.0131111954205133,0.119084230229374,0.0538994118483897,0.0658874681492772,0,0,0.0025699380524101,0,0,0
"SEQC_NB421",0.0511189411170513,0,0.00120936707639806,0.170662810235871,0,0.00851354047155225,0,0.170443751600888,0.0532544957812436,0,0.0647346593885185,0.00793522448516448,0.0379324242662532,0.174067218956095,0.00456184456703572,0.218505016345208,0.00363994236862874,0,0,0.0334207633400922,0,0
"SEQC_NB422",0.00449604577081611,0.010201930218379,0.0119250532186879,0.060837512399575,0,0.159529961251534,0,0.1272480763155,0.0536099019278924,0,0.00178516636403549,0.0275867791953991,0.0310700580853942,0.281870030128853,0.115131324356206,0.111077663237417,0.00363049753031007,0,0,0,0,0
"SEQC_NB423",0.190366675912856,0,0,0.139730820681725,0.270919737898378,0.126932281239099,0,0.0412909193709572,0.0700576646256276,0,0.0170570664723352,0.00874235152720645,0.029691020773406,0.00274487873915881,0.00242721287084019,0.0670985811979001,0,0.0329407886905107,0,0,0,0
"SEQC_NB424",0.146349764993981,0,0.00821402795995244,0.111897385398995,0,0.0715329073947133,0,0,0.0870101808048501,0,0.045066078663852,0,0.114143688830283,0.0424358263032585,0.0218402929307291,0.326810771304152,0,0,0.023900329370662,0,0,0.000798746044572665
"SEQC_NB425",0.0875915201947778,0,0,0.122901742615751,0,0.103015967072632,0,0.0504058339934585,0.0890479140796538,0,0.000990044813642614,0.0392121074441266,0.0722376902971719,0.218217560322752,0.0132429833407872,0.203136635825247,0,0,0,0,0,0
"SEQC_NB426",0.181058358255677,0.0746496085782154,0,0.211782671161494,0.198907893847759,0.0477478218389533,0,0.0625087557293176,0.049316832375467,0,0.027049818495799,0,0.0292667560645301,0.0297154279383408,0.00653348441485849,0.0636514275738293,0,0.00583588658238928,0,0.011975257143369,0,0
"SEQC_NB427",0.155467014832592,0,0.0161514138206947,0.234039078194474,0.0491933921401191,0.0389856806436385,0,0,0.12059314144833,0,0,0.0694711751197617,0.0861833451108469,0.00441869973575367,0.0413008933245078,0.155461763166483,0,0,0.0287344024627994,0,0,0
"SEQC_NB428",0.0274024128333389,0,0,0.0599682082619572,0,0.176534614118012,0.0133299535810737,0.0683961849837378,0.0644725158584867,0,0.0230019640459662,0,0.0534305526579922,0.0967132779658326,0.0889837503997256,0.29399448579666,0,0,0.0337720794972171,0,0,0
"SEQC_NB429",0.183729884693153,0,0.0337480533172609,0.214921955638172,0,0.0616518503207222,0,0.06600500479168,0.0967992647423404,0,0.059810288946745,0,0.0458624088802537,0.0537191577345713,0.0218848827129914,0.16186724822211,0,0,0,0,0,0
"SEQC_NB430",0.065690931024522,0,0,0.185897657895696,0,0.155776366663622,0,0.09340518712,0.040198363384721,0,0.00937985124562615,0.0152395255503659,0,0.208549809414171,0.0839448581726408,0.134984976918716,0,0,0.00693247260991927,0,0,0
"SEQC_NB431",0,0.0118895836331049,0.0110207040075183,0.320454941171263,0,0,0,0.146977773412701,0.048850398642969,0,0,0.0268660754341239,0.0976395110008942,0.144183136691826,0,0.179062295293772,0,0,0.0130555807118281,0,0,0
"SEQC_NB432",0.282434320882619,0,0.00581384023272925,0.0679011707146274,0,0,0,0.207132254499807,0.0427963054453012,0,0.0287319672834548,0.0402887337602748,0.0536248287083886,0.0306535953129532,0.0433440123353226,0.172128591158649,0,0,0.0251503796658722,0,0,0
"SEQC_NB433",0.124864246963802,0,0,0.162147095838092,0,0.0891308451379692,0,0.0268334364347946,0.0873883129471844,0,0.0590057403957025,0,0.0257335800155961,0.104876938718285,0.0194902307873067,0.300529572761267,0,0,0,0,0,0
"SEQC_NB434",0.0236555447161536,0.0048008121552212,0,0.172381000756178,0,0.123858107722079,0,0.00902507380693204,0.08975039406199,0,0,0.0539686797131998,0.0823079979154232,0.261031307103004,0.0378806276410834,0.105298676183288,0,0,0.0360417782254474,0,0,0
"SEQC_NB435",0.0477300612633224,0,0,0.189764010960284,0,0.170363587303438,0,0.0130751424155414,0.0907909133633238,0,0.0263681210794288,0,0,0.280364406564006,0.0379912519193878,0.126878290159311,0,0,0,0.0166742149719558,0,0
"SEQC_NB436",0.060609719731555,0,0,0.104840896919766,0,0.18016911305592,0,0.187201669275219,0.144212390014612,0,0,0.0565018558569972,0,0.130062518571311,0.050690477759936,0.0340689731651712,0.0516423856495129,0,0,0,0,0
"SEQC_NB437",0.088469076129902,0,0,0.146913910403924,0,0.0765263741600617,0,0.00544567752882431,0.113079021033905,0,0,0.0434339539606632,0.0244355549685611,0.17284162310656,0,0.328854808707597,0,0,0,0,0,0
"SEQC_NB438",0.0287598947066497,0,0.0264557940410176,0.280853405855965,0,0.144724418990312,0,0.150233385231429,0.0248556414248734,0,0,0.0140733128608838,0.057836398494293,0,0,0.263702064918943,0,0,0,0,0.00850568347563363,0
"SEQC_NB439",0.00894500246828876,0,0,0.0315720366771603,0,0.226786592558807,0,0.00670863196893844,0.0937121295327212,0,0.0561679415572889,0.0468190320380581,0.101224030780676,0.0386764241983597,0.00943102204103618,0.254552952816179,0,0,0.094733764397241,0,0.030670438965245,0
"SEQC_NB440",0,0.0397792160789726,0,0.282027154995953,0,0.0602781628651525,0,0.14193852020047,0.0806580079688719,0,0,0.040907693540626,0.00492949291825607,0.00857404970051226,0,0.292340816748396,0,0.0290316432567753,0.0195352417260158,0,0,0
"SEQC_NB441",0,0.0166286602239771,0,0.163298685994163,0,0.110986384200011,0,0.0272070196882319,0.119111926382508,0,0,0.036435317940371,0.0190214244313877,0.119132828826823,0.0241873066113389,0.363990445701188,0,0,0,0,0,0
"SEQC_NB442",0.0394080519811164,0,0.0222475845604376,0.266835236922279,0,0.144754501669685,0.00237017219703687,0.124434738408511,0.0733244801049084,0,0.00151417947337373,0.000990273034220014,0.0250786022406045,0.0311496044898054,0.049413286455743,0.207770600686824,0.00105015536581214,0,0.00965853240964268,0,0,0
"SEQC_NB443",0.0168895909897204,0.00352826630658156,0,0.0551813506497029,0,0.407255206423112,0,0.0357553307551322,0.0507130764433298,0,0.122348644464611,0,0.0255711362859347,0.0161903786633629,0,0.0976998388341751,0,0,0.159263979939175,0,0.00960320024516225,0
"SEQC_NB444",0.271099781372543,0.0877576305139546,0,0.134440468053633,0,0.112569198390769,0,0.155365389665922,0.0618089723195174,0,0.0131145218931971,0,0.00542787408803069,0.0427780373609219,0.0215493755735481,0.0860762000342206,0,0.00801255073374341,0,0,0,0
"SEQC_NB445",0,0,0,0.119103110160012,0,0.195529489672762,0,0.109987889581896,0.116534922666653,0,0,0,0.06706498628812,0.168575186304177,0.0076360676817575,0.0641837910013895,0,0,0.151384556643233,0,0,0
"SEQC_NB446",0.227363729000051,0.0261473932217498,0,0.186515026253901,0.039682599205595,0.137510098576575,0,0.0957505621732503,0.0190898957075373,0,0.0446097379361786,0,0.0699263663649386,0.0207852830674201,0.00588003203226202,0.126582202589609,0,0.000157073870932927,0,0,0,0
"SEQC_NB447",0.0312389055053563,0,0.000266454247705898,0.160603337648256,0,0.0931735983650075,0,0.00949161891926084,0.046060170222967,0,0,0.0735062694544908,0.00358316652135458,0.00682295427972611,0.0204152770347888,0.508933339779084,0,0,0.0433110149090409,0,0,0.00259389311296099
"SEQC_NB448",0.0788503557207316,0.034474435165977,0,0.285725495550426,0.0580977803380325,0.127969922812834,0,0,0.132073398967231,0,0,0.0367004037143801,0.0260443021121639,0.0898174946783387,0.00580959552387732,0.105238860032412,0,0.0070058310177345,0.0121921243658622,0,0,0
"SEQC_NB449",0.033515452890279,0,0.00983834912974388,0.0329558553334899,0,0.191933961539151,0,0.0959639187770909,0.0331481651150502,0,0,0.0184120005870189,0,0.27550152371341,0,0.273671455033751,0,0,0.0323548844968103,0,0,0.00270443338420476
"SEQC_NB450",0.0234518775825257,0,0.00143681684824848,0.194681353576692,0,0.265568619601057,0,0.0160174499259207,0.0620191802867749,0,0.0111941217257604,0.00296967757000964,0.0224242621211623,0.115553482902088,0.0735248722109815,0.21115828564878,0,0,0,0,0,0
"SEQC_NB451",0.00313330906092918,0.00255174060482142,0,0.0518787472957868,0,0.1537440858424,0,0.0739281610493781,0.0519819740549969,0,0.0277829700195794,0.00133526770343793,0.0575225529460747,0.356546311521166,0.0330771961891201,0.144566548110527,0,0,0.0419511356017823,0,0,0
"SEQC_NB452",0.0936969179870948,0,0,0,0,0.371810849108016,0,0.044736051152724,0.0852324680956016,0,0.0763538261510284,0,0.0394895676810587,0.153023145094697,0.0563998148194879,0.0549143242750771,0.00147502736254477,0,0.0167588062447305,0,0.00610920202793958,0
"SEQC_NB453",0.000504356492239935,0,0,0.30085844957674,0.107171664696051,0.111620103944261,0,0,0.0868522186489137,0,0,0.0484607531880956,0.0238030737070711,0.0884512985359207,0.00695817485244561,0.212624310273517,0,0,0.0126955960847453,0,0,0
"SEQC_NB454",0.0069328334947049,0.00267408514256074,0,0.0701369129587013,0,0.257495611500983,0,0.077034117404265,0.0682266444286174,0,0,0,0,0.149863140107239,0,0.354658439224622,0,0.0120424824115111,0.000935733326794582,0,0,0
"SEQC_NB455",0.0296891479142596,0,0.00354779643399381,0.034111951938579,0,0.300039717188652,0,0.0438871728302175,0.127744967471189,0,0.0878012127718717,0,0,0.30143879408953,0.0118854300584735,0.0307142577273482,0.00219386241061982,0,0.0224172388521396,0,0.00452845031312726,0
"SEQC_NB456",0.0281235632150576,0,0,0.0581384097794009,0,0.365231416171942,0,0.0821452941028257,0.0404749118598556,0,0.00256743742720745,0.00343609224583896,0.120678977531597,0,0.00778955958908141,0.114215148696855,0,0,0.170054405738185,0,0.00714478364215239,0
"SEQC_NB457",0.00707136696445562,0,0.0018389724572588,0.311517796230618,0,0.0686458496860714,0,0.0416346544708643,0.216731409689567,0,0,0.0281862148556036,0.0384883700372235,0.0866004575863737,0.0927726962404493,0.0925658701493618,0,0,0.0139463416321532,0,0,0
"SEQC_NB458",0.106552580280867,0.0118572908773297,0,0.010387244193343,0,0.238860879766923,0,0.0992300839705109,0,0,0.151509114042107,0,0.100058420883354,0,0.165159896823354,0.0680062523747989,0.0121663498426908,0,0,0.0109526772813979,0.0252592096633234,0
"SEQC_NB459",0.0364476007313309,0,0,0.0303994280181391,0,0.135693671446824,0,0.131361742300879,0.00517182609544908,0,0.0188632685173515,0.0373048471928591,0.0421142626187539,0.170140106139683,0.0177799833063105,0.372386524154419,0,0,0.00233673947800044,0,0,0
"SEQC_NB460",0.00020383118066017,0.00464363360753929,0,0.0867555708104101,0,0.0236991299897231,0,0.103439580345717,0.0310575890007376,0,0.0405654712562303,0.000107868008931579,0.0414439993797146,0.215680625795556,0.0771168531643849,0.36506077295402,0,0,0,0.00533949477412137,0.00488557973225371,0
"SEQC_NB461",0.11144195325884,0,0,0.134088542108286,0,0.0444183030082756,0,0,0.0885789878152542,0,0.0430293904930479,0,0.0403730780881735,0.272421550513003,0.0101296084218753,0.151574184304244,0,0.000622582691495356,0,0.0207882439264245,0,0.0825335753710807
"SEQC_NB462",0,0.00600057437511961,0.0109096265874022,0.13731456225031,0,0.0133903187608096,0,0.128651937380881,0.0351112229990415,0,0,0.0405597715734223,0.0322339226514704,0.385623303660406,0.0270808146748235,0.170343291307279,0,0,0.012780653779035,0,0,0
"SEQC_NB463",0.0386979775670332,0,0,0.288506779104596,0,0.0799807426002268,0,0.00184225234849553,0.137203157629875,0,0.0120351884656327,0.0266034801578672,0.0418701635787464,0.20123230677939,0.0214644600630138,0.149605764841566,0,0,0.000957726863558317,0,0,0
"SEQC_NB464",0,0,0.00368955822328919,0.174108357917097,0,0.10682953731777,0,0.206316953501794,0,0,0,0.0732684964764659,0.0796276229654054,0.0381341831841629,0,0.236965167991216,0,0,0.0632592095774986,0,0.0178009128453003,0
"SEQC_NB465",0,0.0248952743585759,0.0211795009817691,0.0594274814993688,0,0.381754131516753,0,0.164741295499209,0.129583968386712,0,0,0.0210841782602853,0.0908172361921636,0,0,0.099018902849109,0,0,0.00749803045605319,0,0,0
"SEQC_NB466",0.0834084835611121,0,0.0538865870820789,0.155616259549762,0,0.0782481075547375,0,0.0728504842793766,0.0602050187706982,0,0.0112437660287867,0.0166249705299322,0.0138013133644602,0.00891196816310399,0.0492256702258521,0.379749480358884,0,0,0.0162278905312156,0,0,0
"SEQC_NB467",0.0128103916393623,0,0.0498616646695084,0.0835050089561189,0,0.130849120571293,0,0.118978398189788,0.0588517983350486,0,0,0.0109736611661744,0.00422506620687217,0.195622268831963,0.100554111842069,0.200510409535223,0,0,0.0332581000565787,0,0,0
"SEQC_NB468",0.00354668760090978,0,0,0.301158337420138,0,0,0,0.131862177416181,0.0162951985169585,0,0,0.0188549073943538,0.0469890539284891,0,0.0436735236266574,0.389151488019638,0.0131869981507495,0,0.0107991610869281,0,0.0244824668389976,0
"SEQC_NB469",0.183282206483055,0.109508278188433,0,0.0982688335477969,0,0.115223829594661,0,0.13511956919425,0.0766624218817959,0,0.0429475413715439,0.0339326759183137,0.0418795437011369,0.0396188473319789,0.0335501956069876,0.071417498187963,0,0,0,0.00593413510464022,0.0126544238874439,0
"SEQC_NB470",0.0431256281359783,0,0,0.124831318649391,0,0.105355001775344,0,0.0565758467140473,0.0609152989000197,0,0.0294195620336033,0,0.121908781306373,0.179927433360892,0.0265561055087432,0.251385023615608,0,0,0,0,0,0
"SEQC_NB471",0.0883183472470896,0,0,0.186646106937171,0,0.083860015899681,0,0.0163133985003337,0.127112892247598,0,0,0.0361446404695815,0.0380493695060145,0.0982926390691174,0.0110417300411044,0.286804663013316,0,0,0.0274161970689928,0,0,0
"SEQC_NB472",0.0113214103337032,0.0106856968342544,0,0.0225433540075078,0,0.347045301884275,0,0.0360318143493962,0.0936398244894058,0,0.0228734660267295,0.0330117779192537,0.113675874007324,0.16647791640332,0.0199564493449232,0.101750317516445,0,0,0.0209867968834624,0,0,0
"SEQC_NB473",0.00609657714539406,0.00845883312856437,0,0.0104669224704303,0,0.271045666474559,0,0.0478688592746352,0.0535522483697638,0,0.050938610383807,0.00567759537161099,0,0.319812900918869,0.0604879463996716,0.113455129344948,0.0167649142676867,0,0.0353737964500588,0,0,0
"SEQC_NB474",0.0192742373798928,0,0,0.117297797707313,0,0.111730853857228,0,0.0752090305027258,0.0351127227334445,0,0.0505399499028543,0,0.0826818163475936,0.135336286052871,0.0155939775613067,0.312892782647494,0,0,0.0443305453072766,0,0,0
"SEQC_NB475",0.136512872433442,0,0.106329029109042,0.162077658261782,0,0.134580553745804,0,0.0733094754681396,0.0858147902379454,0,0.02257609921385,0.0185938934232837,0.0100809179404618,0.0199708338598842,0.0569145046972868,0.173239371609077,0,0,0,0,0,0
"SEQC_NB476",0.105225524939263,0,0,0.200973262428633,0.200540074742137,0.107646570136538,0,0.026166950793801,0.114254995629377,0,0.0425906373740594,0,0.0229086841689239,0.0243052100907857,0.0272424817957779,0.105621548560239,0.00887074059291692,0,0,0.0136533187475482,0,0
"SEQC_NB477",0.250397170187966,0.0502316697172244,0,0.159528214341954,0.196004768613184,0.0508880080000941,0.00478852518420891,0.0732451337453791,0.0427260470282723,0,0.0469885788992356,0,0.0197388457104847,0.0283688380179231,0.00348928384089987,0.0604142172853631,0,0.0131906994278103,0,0,0,0
"SEQC_NB478",0.0107587678841499,0,0,0.127754333540021,0,0.226907040352888,0,0.0208678531904474,0.0384391593091555,0,0.0252416174535365,0.00218294246224513,0.0377952566813599,0,0.0302027334518361,0.443837038194694,0,0,0.0360132574796663,0,0,0
"SEQC_NB479",0.0866488806406063,0,0.00587577999227816,0.202159257439608,0,0.189366534422858,0,0.146929420602677,0.0114151180976628,0,0,0.0523228348019363,0.0316961355015722,0.0199543676360363,0.0475242328135865,0.186442643201557,0.0196647948496216,0,0,0,0,0
"SEQC_NB480",0,0.00296787984855221,0.0459766256737212,0,0,0.131753072110749,0,0.110372855225731,0.0429680394056442,0,0,0.0870329273690333,0.0324128984810063,0,0.0386907797290794,0.468392885023172,0,0,0.0394320371333108,0,0,0
"SEQC_NB481",0.14833937482026,0.11663796436563,0,0.200976701061295,0,0.15583135543751,0,0.0927907916115832,0.0660515907688503,0,0.0149676224340724,0.0223572121649095,0.0214501292468583,0.0236479503053576,0.0363578255718018,0.0946536369452993,0,0,0,0.00593784526657157,0,0
"SEQC_NB482",0.157746097504857,0,0,0,0,0.173683228184255,0,0.183281852081353,0.0482442426734354,0,0.0333969418503587,0.0564538452687399,0.0715529288348834,0.137298691678554,0.051807542664466,0.086534629259097,0,0,0,0,0,0
"SEQC_NB483",0,0,0,0.232563994115336,0,0.00585894729145301,0,0.10109869688157,0.0882010924886675,0,0,0.0828372081031318,0.0344547203534628,0.0168654699219658,0.00911833701284644,0.429001533831566,0,0,0,0,0,0
"SEQC_NB484",0.0187422585161635,0,0,0.0679331722546892,0,0.150745808446759,0,0.0829171059354051,0.0423445030345052,0,0.0363410930337349,0,0.0571929798191719,0.100668150865991,0.0716413667159513,0.353329476564649,0,0,0,0.0153696832150636,0.00277440159791605,0
"SEQC_NB485",0.147612557036238,0.0792620223420934,0.00309027699284938,0.154960151480063,0.0941004114010183,0.0329267270477373,0,0.156269430074513,0.0288469694767032,0,0.0607504186412123,0,0.00265810859788938,0.0711459020507076,0.0757397128421477,0.092637312016828,0,0,0,0,0,0
"SEQC_NB486",0,0.00764403497386557,0,0.234717100892301,0,0.00344843537929103,0,0.131396396043376,0,0,0,0.0731402007373469,0.0370514011908499,0,0.000130721102233186,0.507012440799328,0,0,0,0.00545926888140886,0,0
"SEQC_NB487",0.17396055437834,0,0,0.0669910510401669,0,0.108636539007793,0,0.0150808234709113,0.0844512137191966,0,0.0221931554194379,0.00398237962625402,0.0103767684789103,0.0670506218792156,0.0283374309391386,0.395289735912159,0,0,0,0.023649726128477,0,0
"SEQC_NB488",0.0139507761367925,0,0.00661307364806943,0,0,0.251060317412226,0,0.0970201074666404,0.0562795881452503,0,0.0687501422659511,0,0,0.222404470034729,0.00509291388027255,0.231715292765487,0,0,0.027981214787318,0,0.0191321034572635,0
"SEQC_NB489",0.00585629340880805,0.0107243099464252,0.00128579065536747,0.0990533687826769,0,0.278865700741898,0,0.251386906218653,0.0801057425645854,0,0,0,0.071897250426376,0.157734052273651,0,0.0357888695580235,0,0,0,0,0.0073017154235351,0
"SEQC_NB490",0.0573500818395219,0,0,0.00819898252898962,0,0.174869934628074,0,0.0154437674678275,0.0495295566813616,0,0.085801997791064,0,0.131156033510882,0.318665690113167,0.00160985620469598,0.0479339529701074,0,0,0,0.0844400784206823,0,0.0250000678436263
"SEQC_NB491",0.00752976495894075,0.0139056125741534,0,0,0,0.0949255421697713,0.0237230307736391,0.0283689807958711,0.0459781491452211,0.0214609593590059,0.0138703123421226,0,0,0.407516114602873,0.174132292884243,0.115154263404716,0,0,0.0534349769894431,0,0,0
"SEQC_NB492",0.0233793401356219,0.0117937189761236,0,0.182640182102216,0,0.0343424213845597,0,0.157565665825361,0.0543848393777841,0,0.00580971072199835,0.014264017327383,0.0453559691686558,0,0.0837204380525169,0.382247744119542,0,0,0.00449595280823828,0,0,0
"SEQC_NB493",0.0164722368351328,0.0137254533991084,0,0,0,0.436448564299528,0,0.081303277741982,0.0563204802932047,0,0.053161495002298,0.0235066185198095,0.0663141794167454,0.15246635523329,0.0198362894001785,0.0606186084649484,0,0,0.00981520763148323,0,0.0100112337622911,0
"SEQC_NB494",0.0879177110847267,0,0.00141960092815863,0.11659888444505,0,0.120804929169651,0,0.0840621128757161,0.0190348674679508,0,0,0.0120186957426493,0.0262064223168134,0.200133407753141,0.0140095550525082,0.289601898711234,0,0,0,0.0281919144524014,0,0
"SEQC_NB495",0.0703656359757879,0,0,0.0781215159516656,0,0.142713377289908,0.0210227852995438,0.0570652290270377,0.0426097137870325,0,0.0507032948797419,0,0.0362482643925963,0.1612114163783,0.116768760953653,0.209225218655886,0,0,0.0139447874088477,0,0,0
"SEQC_NB496",0.0615026009580509,0,0.00390436401100101,0.160815369061849,0,0.0913924967717059,0,0.106540816070382,0.0154799512113407,0,0,0.0544105152986822,0.0638766247406301,0.249942357913238,0.0156023858751569,0.144706480208475,0,0,0,0.031826037879488,0,0
"SEQC_NB497",0.0330864357127285,0.000266687754001612,0,0,0,0.206671327283874,0,0.0754596854408872,0.0391247717225091,0,0.105086120412993,0.0106261571044941,0.115869626452877,0.070891824550384,0.0363480484103245,0.273504466350179,0,0,0,0,0.0330648488047477,0
"SEQC_NB498",0.111791263565047,0,0,0.180860665408138,0,0.177825471629496,0,0.0416954623088707,0.0510512207021808,0,0.0310983280134077,0,0.0220576820481138,0.0775787844490001,0.0643639855603861,0.24167713631536,0,0,0,0,0,0
